,location,player,npc_name,pos_x,pos_y,pos_z
0,Introhouse,103,Mr. Walker,161.2,864.905,411.929
1,Outside,103,Mayor Walker,530.4,766.749,1560.214
2,Outside,103,David Johnson,647.8,-1975.702,9344.261
3,Outside,103,Bob Barter,1017.2,-1888.005,8572.543
4,Outside,103,Tim Tinker,1045.9,-1605.277,8177.049
5,AbandonedHouse,103,Charline,1289.1,622.791,-584.143
6,Outside,103,Richard Wood,1381.3,169.092,9344.085
7,Outside,103,Richard Wood,1475.4,115.053,9275.514
8,AbandonedHouse,103,Charline,1526.2,625.247,-593.974
9,AbandonedHouse,103,Feral Mutant,1687.1,1200.089,-1637.915
10,AbandonedHouse,103,Gibbons,1713.7,863.069,-1092.995
11,AbandonedHouse,103,Gibbons,1715.1,863.069,-1092.995
12,AbandonedHouse,103,Gibbons,1716.4,840.614,-1052.233
13,Outside,103,Tim Tinker,1768.4,-1555.475,8068.491
14,Outside,103,Bob Barter,1826.0,-1852.812,8464.244
15,Outside,103,Eric Oxton,1854.5,-213.510,9287.367
16,Outside,103,David Johnson,1914.5,-1824.827,9255.266
17,Outside,103,Tim Tinker,1960.5,-1552.964,8094.410
18,Introhouse,103,Mayor Walker,2112.1,1002.986,584.229
19,Introhouse,103,Mr. Walker,2330.6,1032.357,480.796
20,Outside,103,Tim Tinker,2537.4,-1588.004,8179.310
21,Outside,103,Janna Jarlsson,2593.6,-2462.858,7095.053
22,Outside,103,Andrew Smith,2632.2,1582.797,7724.003
23,Introhouse,103,Mr. Walker,161.2,864.905,411.929
24,Outside,103,Mayor Walker,530.4,766.749,1560.214
25,Outside,103,David Johnson,647.8,-1975.702,9344.261
26,Outside,103,Bob Barter,1017.2,-1888.005,8572.543
27,Outside,103,Tim Tinker,1045.9,-1605.277,8177.049
28,AbandonedHouse,103,Charline,1289.1,622.791,-584.143
29,Outside,103,Richard Wood,1381.3,169.092,9344.085
30,Outside,103,Richard Wood,1475.4,115.053,9275.514
31,AbandonedHouse,103,Charline,1526.2,625.247,-593.974
32,AbandonedHouse,103,Feral Mutant,1687.1,1200.089,-1637.915
33,AbandonedHouse,103,Gibbons,1713.7,863.069,-1092.995
34,AbandonedHouse,103,Gibbons,1715.1,863.069,-1092.995
35,AbandonedHouse,103,Gibbons,1716.4,840.614,-1052.233
36,Outside,103,Tim Tinker,1768.4,-1555.475,8068.491
37,Outside,103,Bob Barter,1826.0,-1852.812,8464.244
38,Outside,103,Eric Oxton,1854.5,-213.510,9287.367
39,Outside,103,David Johnson,1914.5,-1824.827,9255.266
40,Outside,103,Tim Tinker,1960.5,-1552.964,8094.410
41,Introhouse,103,Mayor Walker,2112.1,1002.986,584.229
42,Introhouse,103,Mr. Walker,2330.6,1032.357,480.796
43,Outside,103,Tim Tinker,2537.4,-1588.004,8179.310
44,Outside,103,Janna Jarlsson,2593.6,-2462.858,7095.053
45,Outside,103,Andrew Smith,2632.2,1582.797,7724.003
46,Introhouse,105,Paul,209.4,197.506,-189.321
47,Introhouse,105,Paul,211.4,197.506,-189.321
48,Introhouse,105,Mr. Walker,310.4,899.919,466.638
49,Introhouse,105,Mayor Walker,432.6,787.838,1494.874
50,Introhouse,105,Mr. Walker,723.3,888.710,560.570
51,Introhouse,105,Mr. Walker,865.9,925.808,538.045
52,Outside,105,Eric Oxton,1015.6,-174.813,9384.566
53,Outside,105,Richard Wood,1070.6,48.200,9300.891
54,Outside,105,Alfred R. Fuddington,1098.4,1849.776,10938.831
55,Outside,105,Lara Black,1157.3,1842.800,10859.899
56,AbandonedHouse,105,Charline,1272.1,652.523,-584.856
57,Outside,105,Richard Wood,1358.7,263.017,9268.563
58,Outside,105,Richard Wood,1606.6,124.774,9293.263
59,Outside,105,Richard Wood,1620.8,124.774,9293.263
60,AbandonedHouse,105,Charline,1664.0,630.408,-619.028
61,AbandonedHouse,105,Charline,1684.0,630.408,-619.028
62,AbandonedHouse,105,Charline,1766.6,635.272,-720.571
63,AbandonedHouse,105,Gibbons,1795.9,786.351,-982.491
64,AbandonedHouse,105,Gibbons,1797.5,786.351,-982.491
65,AbandonedHouse,105,Cornelius,1800.5,688.738,-1094.775
66,AbandonedHouse,105,Feral Mutant,1896.9,1145.154,-1609.466
67,AbandonedHouse,105,Feral Mutant,1898.5,1145.154,-1609.466
68,Outside,105,Andrew Smith,2213.1,1675.806,7716.816
69,Outside,105,Janna Jarlsson,2277.3,-2448.689,7100.752
70,Outside,105,Bob Barter,2404.5,-1884.053,8560.691
71,Outside,105,David Johnson,2482.9,-1922.435,9180.789
72,Outside,105,Ann,2680.1,7578.363,15363.998
73,Introhouse,106,Mr. Walker,93.4,898.863,416.938
74,Introhouse,106,Mayor Walker,144.0,763.844,1429.664
75,Outside,106,Lara Black,243.5,1764.969,10832.410
76,Outside,106,Alfred R. Fuddington,255.7,1764.969,10832.410
77,Outside,106,Richard Wood,277.7,116.620,9299.163
78,Outside,106,Eric Oxton,283.3,-72.566,9290.552
79,Outside,106,David Johnson,298.9,-1899.284,9288.462
80,Bar,106,Thomas,341.7,1631.356,611.643
81,Bar,106,Margaret,353.0,1524.212,698.202
82,Bar,106,Margaret,369.4,1385.509,801.659
83,Outside,106,Bob Barter,438.4,-1966.740,8603.427
84,Outside,106,Tim Tinker,467.7,-1661.261,8151.947
85,Outside,106,Janna Jarlsson,505.3,-2439.110,7119.384
86,Outside,106,Alexei,644.1,131.637,5786.732
87,AbandonedHouse,106,Charline,696.9,592.950,-620.263
88,AbandonedHouse,106,Gibbons,713.3,839.407,-435.216
89,Outside,106,Tim Tinker,1005.2,-1613.105,8143.324
90,Outside,106,Bob Barter,1015.0,-1885.943,8571.050
91,Outside,106,Bob Barter,1020.8,-1885.943,8571.050
92,Hotel,106,Sara,1267.8,2503.382,263.199
93,AbandonedHouse,106,Cornelius,1459.6,771.577,-1433.396
94,AbandonedHouse,106,Cornelius,1460.0,868.934,-1523.074
95,Outside,106,Richard Wood,1930.7,136.058,9626.893
96,Outside,106,Ann,2004.1,7661.861,15379.345
97,Introhouse,108,Paul,75.2,394.945,-143.514
98,Introhouse,108,Mayor Walker,125.0,875.150,1475.575
99,Bar,108,Margaret,247.8,1586.641,742.973
100,Bar,108,Margaret,250.9,1586.934,743.407
101,Bar,108,Thomas,354.9,1663.616,564.560
102,Outside,108,Tim Tinker,375.5,-1630.379,8176.657
103,Outside,108,Andrew Smith,403.8,1623.199,7676.358
104,Outside,108,Ann,480.0,7644.674,15460.353
105,Mine,108,Spider,653.6,-476.300,768.394
106,Mine,108,Spider,664.2,-482.404,828.586
107,Mine,108,Spider,669.0,-579.526,871.998
108,Mine,108,Spider,669.2,-579.526,871.998
109,Introhouse,188,Mr. Walker,67.4,966.644,497.867
110,Introhouse,188,Mr. Walker,216.2,974.263,501.893
111,Outside,188,Mayor Walker,259.5,851.091,1583.949
112,Bar,188,Margaret,287.9,1345.331,749.273
113,Bar,188,Margaret,291.7,1396.497,793.917
114,Bar,188,Thomas,300.8,1608.061,566.386
115,AbandonedHouse,188,Charline,492.3,638.645,-619.607
116,Hotel,188,Slater,590.6,2877.336,1725.734
117,Outside,188,Alfred R. Fuddington,692.4,1883.983,10839.949
118,Outside,188,Lara Black,709.6,1807.909,10750.215
119,Outside,188,Eric Oxton,776.4,-47.127,9433.735
120,Outside,188,Eric Oxton,777.3,-47.127,9433.735
121,Outside,188,David Johnson,798.3,-1862.012,9247.747
122,Outside,188,Janna Jarlsson,845.1,-2511.241,7190.759
123,Outside,188,Bob Barter,874.4,-1876.568,8489.427
124,Outside,188,Alexei,1038.5,190.110,5589.518
125,AbandonedHouse,188,Charline,1129.7,687.434,-560.261
126,AbandonedHouse,188,Feral Mutant,1149.1,1108.067,-1533.893
127,Introhouse,109,Paul,412.0,341.500,-211.324
128,Outside,109,Mayor Walker,596.4,758.982,1548.354
129,Outside,109,Mayor Walker,766.6,758.982,1548.354
130,Outside,109,Mr. Walker,802.6,938.823,580.013
131,Outside,109,Mr. Walker,886.3,879.798,533.766
132,Outside,109,Mr. Walker,888.9,879.798,533.766
133,Outside,109,Mr. Walker,892.1,882.849,540.700
134,Outside,109,Mr. Walker,895.5,914.580,522.510
135,Outside,109,Mr. Walker,896.5,914.580,522.510
136,Outside,109,Mr. Walker,910.7,850.233,460.445
137,Outside,109,Mr. Walker,913.3,850.233,460.445
138,Outside,109,Mr. Walker,914.6,866.448,454.281
139,Outside,109,David Johnson,1496.6,-1956.335,9274.771
140,Outside,109,Eric Oxton,1615.6,-121.409,9272.463
141,Outside,109,Andrew Smith,1728.1,1636.085,7703.522
142,Outside,109,Lara Black,1789.2,1736.627,10859.591
143,Hotel,109,Slater,2022.8,2877.336,1725.734
144,Hotel,109,Slater,2038.0,2877.336,1725.734
145,Hotel,109,Slater,2038.3,2877.336,1725.734
146,Hotel,109,Slater,2038.9,2870.398,1697.477
147,Hotel,109,Slater,2039.3,2864.687,1685.049
148,Hotel,109,Slater,2040.0,2859.744,1674.460
149,Hotel,109,Slater,2040.2,2859.744,1674.460
150,Hotel,109,Slater,2118.4,2712.625,1760.273
151,Hotel,109,Slater,2149.0,2712.625,1760.273
152,Hotel,109,Slater,2170.1,2712.625,1760.273
153,Hotel,109,Slater,2176.1,2712.812,1760.492
154,Hotel,109,Slater,2176.3,2712.812,1760.492
155,Hotel,109,Slater,2032.2,2357.915,1892.515
156,Hotel,109,Slater,2083.8,2808.799,1828.751
157,Introhouse,110,Paul,195.6,236.887,-112.911
158,Introhouse,110,Mr. Walker,235.6,903.348,362.827
159,Introhouse,110,Mr. Walker,452.3,973.002,511.540
160,Introhouse,110,Mayor Walker,566.3,776.262,1370.081
161,Outside,110,David Johnson,685.9,-2031.318,9294.178
162,Bar,110,Margaret,794.8,1478.021,726.839
163,Bar,110,Margaret,796.2,1478.021,726.839
164,Bar,110,Margaret,817.0,1478.021,726.839
165,Bar,110,Thomas,843.3,1509.013,588.229
166,Bar,110,Thomas,854.7,1509.013,588.229
167,Bar,110,Thomas,1033.1,1695.752,592.712
168,Outside,110,Bob Barter,1048.3,-1959.569,8619.605
169,Outside,110,Tim Tinker,1081.9,-1646.126,8178.423
170,Outside,110,Janna Jarlsson,1097.8,-2445.298,7204.394
171,Outside,110,Janna Jarlsson,1168.2,-2546.677,6916.545
172,Outside,110,Tim Tinker,1261.7,-1654.338,8049.042
173,Outside,110,Eric Oxton,1377.7,-195.738,9417.744
174,Outside,110,Richard Wood,1399.8,33.138,9352.736
175,Outside,110,Andrew Smith,1415.8,1672.773,7803.793
176,Outside,110,Cathrine Knot,1505.0,-1943.127,3072.415
177,Outside,110,Cathrine Knot,1819.0,-2143.158,2950.455
178,AbandonedHouse,110,Charline,1853.2,616.471,-509.175
179,AbandonedHouse,110,Charline,1862.7,616.471,-509.175
180,Outside,110,Andrew Smith,1917.9,1676.037,7729.003
181,Outside,110,Richard Wood,1929.2,277.530,9307.418
182,Outside,110,Richard Wood,1957.2,277.530,9307.418
183,Outside,110,Lara Black,1971.4,1852.565,10673.711
184,Outside,110,Alfred R. Fuddington,1988.5,1913.184,10787.580
185,AbandonedHouse,110,Charline,2102.3,630.627,-553.693
186,AbandonedHouse,110,Cornelius,2129.3,543.653,-1158.903
187,AbandonedHouse,110,Cornelius,2136.1,543.653,-1158.903
188,AbandonedHouse,110,Gibbons,2138.1,746.851,-1001.523
189,AbandonedHouse,110,Feral Mutant,2204.3,1146.842,-1649.344
190,Outside,110,David Johnson,2276.5,-2082.424,9057.005
191,Outside,110,David Johnson,2295.5,-2082.424,9057.005
192,Outside,110,Bob Barter,2363.9,-1983.651,8672.702
193,Outside,110,David Johnson,2371.4,-2018.321,9090.254
194,Hotel,110,Ann,2717.8,7603.041,15383.810
195,Introhouse,111,Paul,65.0,450.190,-132.864
196,Introhouse,111,Mr. Walker,206.4,853.465,389.515
197,Introhouse,111,Mayor Walker,273.0,767.239,1411.038
198,Outside,111,David Johnson,468.0,-1983.202,9277.045
199,Outside,111,Andrew Smith,580.6,1587.163,7676.613
200,Outside,111,Lara Black,625.0,1813.209,10845.266
201,Outside,111,Alfred R. Fuddington,649.2,1813.209,10845.266
202,Outside,111,Ann,914.4,7609.298,15408.234
203,Outside,111,Eric Oxton,1702.4,-165.404,9251.474
204,Outside,111,Richard Wood,1728.2,101.179,9265.910
205,Outside,111,Alexei,1777.4,75.109,5817.476
206,AbandonedHouse,111,Cornelius,2358.1,500.561,-1100.736
207,AbandonedHouse,111,Cornelius,2378.6,623.430,-1207.987
208,Introhouse,112,Mr. Walker,132.2,871.149,396.440
209,Introhouse,112,Mayor Walker,216.7,782.197,1433.258
210,Introhouse,112,Mr. Walker,425.1,931.416,378.144
211,Outside,112,David Johnson,665.2,-2013.432,9364.004
212,Outside,112,Tim Tinker,939.8,-1615.875,8116.250
213,Outside,112,Bob Barter,963.5,-1921.430,8518.272
214,Outside,112,Cathrine Knot,1097.9,-1959.467,3040.306
215,AbandonedHouse,112,Feral Mutant,1324.7,758.172,-539.084
216,Outside,112,Alexei,1662.9,290.636,5580.417
217,Outside,112,Bob Barter,1722.1,-1948.177,8615.136
218,Outside,112,Ann,1801.8,7575.465,15365.874
219,Mine,112,Spider,1861.6,-491.399,788.161
220,Outside,112,Ann,2435.9,7766.600,15437.955
221,Outside,112,David Johnson,2493.7,-1807.945,9334.304
222,Outside,112,Bob Barter,2513.7,-2021.285,8562.450
223,Introhouse,112,Mr. Walker,2564.8,870.448,618.512
224,Introhouse,112,Mayor Walker,2573.1,956.061,551.258
225,Outside,112,Tim Tinker,2610.7,-1671.770,8157.458
226,Outside,112,Tim Tinker,2629.4,-1671.770,8157.458
227,Introhouse,113,Mr. Walker,155.0,1026.744,511.442
228,Introhouse,113,Mr. Walker,254.9,983.464,507.212
229,Introhouse,113,Mayor Walker,281.7,794.661,1418.589
230,Outside,113,David Johnson,359.5,-1957.654,9253.312
231,Introhouse,113,Mr. Walker,431.3,902.193,572.981
232,Outside,113,Tim Tinker,478.3,-1617.907,8193.038
233,AbandonedHouse,113,Charline,598.0,660.360,-574.702
234,Outside,113,Richard Wood,655.0,1.642,9296.830
235,Outside,113,Richard Wood,758.0,20.232,9302.339
236,AbandonedHouse,113,Charline,799.4,628.488,-611.643
237,AbandonedHouse,113,Feral Mutant,850.0,1134.397,-1681.473
238,AbandonedHouse,113,Feral Mutant,851.6,1165.584,-1647.502
239,Outside,113,Bob Barter,1262.7,-1853.163,8518.016
240,Outside,113,David Johnson,1408.1,-1975.217,9302.749
241,Outside,113,Janna Jarlsson,1427.7,-2510.860,7180.151
242,Outside,113,Andrew Smith,1529.9,1551.625,7646.046
243,Outside,113,Ann,1684.6,7628.038,15318.764
244,Mine,113,Spider,1855.0,-495.251,767.005
245,Mine,113,Spider,1869.0,-495.271,767.057
246,Mine,113,Spider,1937.2,-458.207,961.472
247,Mine,113,Spider,1939.0,-467.078,937.209
248,Outside,113,Ann,2020.4,7771.070,15457.454
249,Hotel,113,Bobby D,2111.8,1810.661,2158.158
250,Bar,113,Thomas,2247.4,1765.111,637.563
251,Bar,113,Margaret,2260.2,1765.083,637.680
252,Outside,113,Eric Oxton,2344.0,-212.718,9310.321
253,Outside,113,Richard Wood,2365.8,0.820,9287.212
254,Outside,113,Richard Wood,2367.5,0.820,9287.212
255,Hotel,113,JD,2462.1,2572.724,2920.936
256,Hotel,113,JD,2463.2,2594.439,2937.435
257,Outside,113,Tim Tinker,2540.7,-1624.511,8010.175
258,Introhouse,113,Lara Black,2609.9,1796.363,10734.997
259,Introhouse,114,Paul,96.6,346.124,-179.103
260,Introhouse,114,Mr. Walker,189.4,899.218,395.862
261,Introhouse,114,Mr. Walker,221.6,899.218,395.862
262,Introhouse,114,Mr. Walker,222.8,899.218,395.862
263,Introhouse,114,Mayor Walker,278.5,763.779,1427.768
264,Introhouse,114,Mr. Walker,431.3,940.662,494.763
265,Introhouse,114,Mayor Walker,466.7,770.980,1426.764
266,Outside,114,David Johnson,508.7,-1981.064,9286.500
267,Outside,114,Bob Barter,585.7,-1992.558,8648.007
268,Outside,114,Tim Tinker,602.9,-1641.677,8221.636
269,Bar,114,Margaret,620.1,1575.523,699.853
270,Bar,114,Thomas,633.4,1575.523,699.853
271,Bar,114,Thomas,635.2,1588.609,652.836
272,Outside,114,David Johnson,820.8,-1970.423,9319.814
273,Outside,114,Eric Oxton,849.7,-81.305,9302.188
274,Outside,114,Richard Wood,867.8,59.561,9276.694
275,Outside,114,Lara Black,877.5,1814.045,10703.611
276,Outside,114,Alfred R. Fuddington,894.8,1873.492,10752.418
277,Outside,114,Ann,1049.3,7580.611,15365.013
278,Mine,114,Spider,1125.8,-487.422,685.296
279,Mine,114,Spider,1298.8,-532.735,753.216
280,Outside,114,Ann,1318.0,7775.492,15490.992
281,Mine,114,Spider,1504.0,-507.770,695.320
282,Mine,114,Spider,1508.4,-507.770,695.320
283,Outside,114,Ann,1527.6,7785.011,15510.660
284,Mine,114,Spider,1550.4,-485.755,753.371
285,Outside,114,Ann,1629.7,7803.366,15533.464
286,Outside,114,Janna Jarlsson,1820.5,-2619.596,7114.705
287,Outside,114,Alexei,1872.1,242.163,5626.511
288,Outside,114,Andrew Smith,1913.9,1553.264,7643.471
289,Outside,114,Cathrine Knot,1965.3,-1935.211,3067.384
290,AbandonedHouse,114,Charline,2034.0,599.424,-622.885
291,AbandonedHouse,114,Charline,2040.3,599.424,-622.885
292,Outside,114,David Johnson,2082.7,-1925.260,9328.739
293,Outside,114,Richard Wood,2101.5,49.947,9276.714
294,Outside,114,Richard Wood,2115.8,49.947,9276.714
295,AbandonedHouse,114,Charline,2153.8,606.769,-692.779
296,AbandonedHouse,114,Gibbons,2163.8,710.463,-833.735
297,AbandonedHouse,114,Feral Mutant,2208.4,1189.475,-1610.262
298,AbandonedHouse,114,Feral Mutant,2209.3,1189.475,-1610.262
299,Outside,114,Cathrine Knot,2282.5,-1941.563,3101.645
300,Outside,114,David Johnson,2859.1,-1965.324,9216.615
301,Introhouse,115,Mr. Walker,341.2,870.589,365.145
302,Introhouse,115,Mayor Walker,453.5,765.410,1397.003
303,Outside,115,David Johnson,660.7,-2026.322,9344.625
304,Outside,115,Janna Jarlsson,786.5,-2387.908,7116.924
305,Outside,115,Lara Black,993.9,1903.808,10735.288
306,Outside,115,Andrew Smith,1059.7,1813.137,7701.802
307,Outside,115,Ann,1144.1,7599.880,15354.515
308,Mine,115,Spider,1238.6,-499.198,683.374
309,Outside,115,Ann,1679.2,7803.015,15449.705
310,Outside,115,Richard Wood,2020.4,117.983,9361.618
311,Outside,115,Eric Oxton,2039.4,-124.029,9398.978
312,Outside,115,David Johnson,2109.4,-2078.789,9251.284
313,Outside,115,Tim Tinker,2397.3,-1691.512,8123.771
314,Outside,115,David Johnson,2550.4,-2046.503,9328.597
315,AbandonedHouse,115,Charline,2774.6,598.317,-551.297
316,Outside,115,Richard Wood,2904.3,195.531,9392.112
317,Introhouse,117,Paul,191.0,382.120,-103.162
318,Introhouse,117,Paul,196.6,382.120,-103.162
319,Introhouse,117,Paul,242.4,252.642,-235.961
320,Introhouse,117,Paul,244.2,252.642,-235.961
321,Introhouse,117,Paul,373.8,258.655,9.067
322,Introhouse,117,Mr. Walker,405.9,864.960,443.127
323,Introhouse,117,Mayor Walker,492.9,739.011,1543.808
324,Outside,117,Lara Black,828.3,1703.031,10858.841
325,Outside,117,Alfred R. Fuddington,1083.5,1703.211,10858.896
326,Outside,117,Lara Black,1128.3,1702.755,10859.218
327,Outside,117,Janna Jarlsson,1216.6,-2502.792,7043.291
328,Outside,117,Alexei,1868.7,119.322,5797.666
329,Outside,117,Andrew Smith,1973.5,1830.908,7689.189
330,Outside,117,Eric Oxton,2032.1,-49.888,9303.993
331,Outside,117,Richard Wood,2085.7,51.056,9292.412
332,Outside,117,David Johnson,2107.7,-1907.442,9334.172
333,Outside,117,David Johnson,2246.7,-1901.686,9265.820
334,Outside,117,Ann,2326.4,7600.431,15442.349
335,Mine,117,Spider,2473.3,-541.941,765.457
336,Introhouse,118,Paul,90.3,252.644,-235.957
337,Introhouse,118,Mr. Walker,199.6,907.057,336.142
338,Introhouse,118,Mayor Walker,267.3,778.717,1496.542
339,Outside,118,David Johnson,360.0,-1978.742,9315.060
340,Outside,118,David Johnson,469.4,-1968.070,9271.212
341,Outside,118,David Johnson,502.7,-2114.589,9254.221
342,Outside,118,Lara Black,555.0,1760.565,10775.313
343,Outside,118,Ann,666.5,7533.402,15397.432
344,Mine,118,Spider,1629.4,-535.306,766.088
345,AbandonedHouse,118,Charline,803.6,634.125,-622.022
346,Outside,118,Andrew Smith,1346.4,1726.259,7650.323
347,Introhouse,118,Mayor Walker,1474.8,953.128,1012.998
348,Introhouse,118,Paul,1694.8,225.930,-45.534
349,Introhouse,118,Paul,1758.3,575.404,-251.077
350,Introhouse,118,Paul,1762.0,587.515,-273.650
351,Bar,118,Margaret,1861.6,1597.924,751.526
352,Introhouse,119,Paul,192.0,197.794,-142.570
353,Introhouse,119,Mr. Walker,300.4,900.299,406.313
354,Introhouse,119,Mayor Walker,412.2,734.530,1419.755
355,Introhouse,119,Mr. Walker,732.6,1028.850,513.988
356,Bar,119,Thomas,1063.2,1470.585,595.836
357,Bar,119,Margaret,1092.9,1599.469,684.607
358,Outside,119,David Johnson,1645.7,-2136.823,9150.645
359,Outside,119,Bob Barter,1767.3,-2011.659,8655.611
360,Outside,119,Alfred R. Fuddington,1899.9,1862.096,11028.597
361,Outside,119,Lara Black,1969.3,1893.706,10861.137
362,Outside,119,Richard Wood,2037.1,158.883,9422.618
363,Outside,119,Eric Oxton,2051.5,-3.854,9345.830
364,Outside,119,Alexei,2134.5,78.700,5804.958
365,Outside,119,Andrew Smith,2264.7,1738.005,7564.238
366,Outside,119,Ann,2436.0,7554.458,15343.701
367,Introhouse,120,Paul,109.8,397.320,-136.349
368,Introhouse,120,Mayor Walker,733.8,817.310,1497.062
369,Outside,120,David Johnson,841.5,-2048.461,9272.810
370,Outside,120,David Johnson,850.6,-2048.461,9272.810
371,Outside,120,Bob Barter,869.2,-1939.759,8648.438
372,AbandonedHouse,120,Charline,1230.3,606.361,-684.241
373,Introhouse,121,Paul,92.8,376.406,-165.273
374,Introhouse,121,Mr. Walker,271.4,835.897,396.107
375,Introhouse,121,Mr. Walker,525.8,908.334,467.497
376,Introhouse,121,Mayor Walker,598.2,733.578,1482.928
377,Outside,121,David Johnson,872.6,-1873.003,9237.794
378,Outside,121,Tim Tinker,1134.5,-1584.540,8052.491
379,Outside,121,Bob Barter,1161.9,-1866.283,8530.972
380,Outside,121,David Johnson,1209.7,-2070.335,9170.974
381,Outside,121,David Johnson,1233.7,-2070.314,9171.198
382,Bar,121,Thomas,1715.3,1187.373,625.125
383,Bar,121,Thomas,1717.3,1181.744,623.078
384,Bar,121,Thomas,1718.1,1181.880,638.835
385,Bar,121,Thomas,1727.2,1199.394,624.054
386,Bar,121,Thomas,1727.4,1199.394,624.054
387,Bar,121,Thomas,1728.8,1181.893,635.431
388,Bar,121,Thomas,1729.0,1181.893,635.431
389,Bar,121,Thomas,1729.2,1181.893,635.431
390,Bar,121,Thomas,1729.4,1181.893,635.431
391,Bar,121,Thomas,1729.7,1181.893,635.431
392,Bar,121,Thomas,1729.9,1181.893,635.431
393,Bar,121,Thomas,1730.1,1181.893,635.431
394,Bar,121,Margaret,1735.3,1667.488,766.255
395,Bar,121,Margaret,2102.3,1818.872,842.708
396,Outside,121,Eric Oxton,2353.2,-217.764,9309.628
397,Outside,121,Richard Wood,2404.2,104.874,9319.634
398,Outside,121,Andrew Smith,2426.4,1700.584,7843.256
399,Outside,121,Ann,2503.4,7697.655,15335.007
400,Introhouse,122,Paul,105.2,395.242,-140.898
401,Introhouse,122,Paul,356.6,315.619,-109.576
402,Introhouse,122,Paul,361.8,315.619,-109.576
403,Introhouse,122,Paul,377.2,331.566,-29.924
404,Introhouse,122,Mayor Walker,469.9,825.801,1475.843
405,Outside,122,Eric Oxton,694.5,-185.601,9361.991
406,Outside,122,Eric Oxton,884.1,-140.672,9364.499
407,Outside,122,Richard Wood,919.9,131.071,9338.602
408,Outside,122,Andrew Smith,968.9,1753.813,7808.265
409,Outside,122,Janna Jarlsson,1037.8,-2441.043,7064.782
410,Outside,122,David Johnson,1172.6,-2093.128,9177.607
411,Outside,122,Alfred R. Fuddington,1356.6,1854.070,10851.100
412,Outside,122,Ann,1483.0,7702.329,15366.929
413,Introhouse,123,Paul,106.2,347.916,-64.296
414,Introhouse,123,Mr. Walker,180.0,869.057,410.807
415,Introhouse,123,Mayor Walker,254.7,793.073,1453.176
416,Outside,123,Janna Jarlsson,557.9,-2501.674,7214.164
417,Introhouse,123,Mayor Walker,793.2,903.808,904.682
418,Introhouse,123,Mr. Walker,915.7,960.372,518.526
419,Outside,123,David Johnson,1082.7,-2004.660,9365.266
420,Bar,123,Margaret,1320.5,1462.700,720.497
421,Bar,123,Thomas,1338.0,1551.446,563.747
422,Bar,123,Thomas,1559.4,1664.005,606.248
423,Bar,123,Margaret,1569.5,1468.452,751.463
424,Outside,123,Bob Barter,1583.7,-1943.299,8614.160
425,Outside,123,Janna Jarlsson,1662.9,-2555.589,7117.753
426,Outside,123,Tim Tinker,1683.2,-1575.949,8030.542
427,Outside,123,Eric Oxton,1743.8,-229.421,9306.319
428,Outside,123,Richard Wood,1761.6,103.701,9273.340
429,Outside,123,Alfred R. Fuddington,1781.1,1856.799,10768.285
430,Outside,123,Lara Black,1800.3,1856.799,10768.285
431,Outside,123,Andrew Smith,1829.3,1671.781,7846.391
432,Introhouse,123,Mayor Walker,1908.3,800.381,559.709
433,Introhouse,123,Paul,1918.5,448.828,-87.984
434,Introhouse,123,Paul,1919.4,448.828,-87.984
435,Outside,123,Tim Tinker,1956.6,-1586.055,8165.451
436,Introhouse,123,Mayor Walker,2098.2,850.952,942.405
437,Bar,123,Margaret,2335.2,1590.966,761.277
438,Introhouse,123,Mr. Walker,2443.2,928.438,509.237
439,Introhouse,123,Mayor Walker,2553.7,791.251,453.402
440,Outside,123,David Johnson,2594.1,-1972.665,9305.999
441,Bar,123,Thomas,2622.3,1557.668,566.324
442,Introhouse,124,Paul,116.6,262.017,-167.958
443,Introhouse,124,Mr. Walker,169.4,857.737,426.295
444,Introhouse,124,Mr. Walker,311.3,991.126,502.869
445,Outside,124,Mr. Walker,367.9,872.214,553.164
446,Outside,124,Mayor Walker,415.8,736.647,1372.484
447,Outside,124,Eric Oxton,454.1,-142.286,9305.758
448,Outside,124,David Johnson,496.6,-2072.633,9285.552
449,Bar,124,Margaret,557.2,1485.532,732.025
450,Bar,124,Margaret,559.0,1485.532,732.025
451,Bar,124,Thomas,580.8,1703.493,541.977
452,Outside,124,Bob Barter,658.2,-1974.636,8609.908
453,Outside,124,Tim Tinker,671.2,-1580.044,8136.870
454,Introhouse,124,Mayor Walker,713.5,916.632,951.193
455,Outside,124,Tim Tinker,807.1,-1581.066,8126.027
456,Outside,124,Andrew Smith,824.1,1607.152,7669.435
457,Outside,124,Alfred R. Fuddington,843.5,1832.909,10760.477
458,Bar,124,Thomas,901.2,2263.872,886.714
459,Bar,124,Margaret,911.4,1514.915,774.114
460,Bar,124,Margaret,961.8,2143.716,892.252
461,Outside,124,Richard Wood,997.2,104.785,9268.033
462,Outside,124,Ann,1092.6,7584.903,15410.060
463,Mine,124,Spider,1121.0,-537.794,794.266
464,Outside,124,David Johnson,1846.2,-1860.635,9252.094
465,Outside,124,David Johnson,1910.5,-2001.183,9243.966
466,Outside,124,David Johnson,1957.5,-1953.293,9220.656
467,Outside,124,Sheriff,2104.5,773.042,573.970
468,Outside,124,Sheriff,2131.7,729.167,611.551
469,Outside,124,David Johnson,2241.5,-1854.808,9253.384
470,Outside,124,David Johnson,2260.3,-1854.808,9253.384
471,Outside,124,Andrew Smith,2307.9,1604.211,7800.325
472,Outside,124,Alexei,2340.1,294.396,5649.368
473,AbandonedHouse,124,Charline,2382.5,610.147,-710.133
474,Outside,124,Richard Wood,2496.0,123.925,9308.150
475,Outside,124,Richard Wood,2616.0,72.244,9312.364
476,AbandonedHouse,124,Charline,2667.9,604.642,-565.341
477,AbandonedHouse,124,Charline,2667.9,604.907,-568.821
478,AbandonedHouse,124,Feral Mutant,2693.5,762.314,-436.883
479,Introhouse,125,Paul,94.4,387.778,-152.078
480,Introhouse,125,Mr. Walker,145.6,878.667,419.722
481,Introhouse,125,Mr. Walker,146.4,878.633,419.953
482,Introhouse,125,Mr. Walker,147.9,878.633,419.953
483,Introhouse,125,Mr. Walker,149.3,878.633,419.953
484,Introhouse,125,Mr. Walker,149.9,878.633,419.953
485,Introhouse,125,Mr. Walker,152.1,876.656,401.844
486,Introhouse,125,Mr. Walker,153.9,876.656,401.844
487,Introhouse,125,Mayor Walker,161.7,774.026,1491.166
488,Outside,125,Eric Oxton,271.4,-147.640,9311.297
489,Bar,125,Margaret,316.6,1505.864,746.337
490,Outside,125,Alexei,458.0,124.603,5762.239
491,Outside,125,Bob Barter,554.3,-1928.182,8636.673
492,Introhouse,125,Mayor Walker,623.1,999.208,541.374
493,Outside,125,Janna Jarlsson,712.9,-2525.212,7173.732
494,SheriffOffice,125,Bob Barter,849.5,2198.480,1337.498
495,SheriffOffice,125,Bob Barter,850.6,2198.480,1337.498
496,SheriffOffice,125,Bob Barter,856.2,2130.612,1332.919
497,SheriffOffice,125,Bob Barter,857.2,2130.612,1332.919
498,SheriffOffice,125,Bob Barter,872.4,2058.052,1220.611
499,SheriffOffice,125,Bob Barter,873.1,2058.052,1220.611
500,Outside,125,Janna Jarlsson,895.3,-2606.454,7199.629
501,Outside,125,Ann,975.7,7655.097,15441.038
502,Mine,125,Spider,1300.1,-507.779,710.145
503,Outside,125,Ann,1520.7,7774.985,15515.499
504,Outside,125,Richard Wood,1797.3,9.969,9295.729
505,AbandonedHouse,125,Charline,1858.5,638.394,-612.277
506,Outside,125,Richard Wood,1941.3,13.576,9278.754
507,Outside,125,Richard Wood,2092.1,49.765,9266.588
508,AbandonedHouse,125,Charline,2142.2,661.658,-581.926
509,Introhouse,126,Paul,63.0,313.428,-200.569
510,Introhouse,126,Mr. Walker,100.4,873.318,414.195
511,Introhouse,126,Mr. Walker,126.1,917.801,384.404
512,Introhouse,126,Mr. Walker,127.0,917.801,384.404
513,Introhouse,126,Mr. Walker,127.6,917.801,384.404
514,Introhouse,126,Mr. Walker,128.9,860.074,342.103
515,Introhouse,126,Mr. Walker,191.7,999.702,494.865
516,Introhouse,126,Mayor Walker,211.8,785.220,1399.398
517,Outside,126,David Johnson,259.2,-2085.780,9247.609
518,Outside,126,David Johnson,299.9,-2140.307,9326.911
519,Outside,126,Lara Black,321.2,1853.055,10699.764
520,Outside,126,Alfred R. Fuddington,331.1,1884.454,10789.080
521,Outside,126,Eric Oxton,365.7,-5.588,9361.646
522,Outside,126,Cathrine Knot,397.7,-2166.855,2944.821
523,AbandonedHouse,126,Charline,436.1,557.841,-654.077
524,Outside,126,Richard Wood,483.8,167.657,9309.388
525,Bar,126,Thomas,531.2,1638.914,567.889
526,Bar,126,Margaret,538.2,1568.827,691.197
527,Bar,126,Margaret,544.7,1568.827,691.197
528,Outside,126,Richard Wood,576.9,105.112,9297.607
529,AbandonedHouse,126,Charline,613.7,602.980,-675.068
530,AbandonedHouse,126,Gibbons,627.1,752.479,-818.664
531,Outside,126,Tim Tinker,704.2,-1558.237,7964.024
532,Outside,126,Bob Barter,727.4,-1879.267,8473.453
533,Outside,126,David Johnson,745.8,-2050.390,9332.754
534,Outside,126,Eric Oxton,765.0,-250.207,9290.236
535,Outside,126,Lara Black,778.3,1826.592,10690.527
536,Outside,126,Ann,804.3,7619.329,15405.142
537,Mine,126,Spider,951.2,-491.187,730.607
538,Mine,126,Spider,1146.1,-509.484,712.884
539,Mine,126,Spider,1150.7,-509.741,713.094
540,Mine,126,Spider,1151.6,-509.741,713.094
541,Mine,126,Stu,1153.0,-641.031,1062.218
542,Mine,126,Stu,1153.9,-640.605,1065.881
543,Mine,126,Wild Bill,1156.3,-95.128,1220.577
544,Mine,126,Frog,1158.3,-146.624,1436.289
545,Mine,126,Crank,1159.6,-326.584,1454.776
546,Outside,126,Ann,1193.1,7759.578,15494.541
547,Outside,126,Ann,1200.5,7759.578,15494.541
548,Mine,126,Spider,1231.5,-580.054,1149.309
549,Mine,126,Spider,1232.0,-580.054,1149.309
550,Outside,126,Andrew Smith,1416.1,1747.850,7742.440
551,Outside,126,Alexei,1435.7,150.659,5786.015
552,Outside,126,David Johnson,1473.6,-2015.249,9161.127
553,Outside,126,Bob Barter,1494.3,-1953.586,8643.801
554,Outside,126,David Johnson,1508.4,-2023.515,9185.928
555,Bar,126,Margaret,1520.5,1438.979,621.381
556,Bar,126,Margaret,1521.2,1459.186,665.198
557,Bar,126,Margaret,1521.8,1465.313,679.069
558,Bar,126,Margaret,1522.0,1465.313,679.069
559,Bar,126,Margaret,1522.3,1465.313,679.069
560,Bar,126,Thomas,1526.7,1553.649,596.025
561,Introhouse,126,Mayor Walker,1607.5,912.971,594.973
562,Introhouse,126,Mayor Walker,1611.1,912.971,594.973
563,Outside,126,Bob Barter,1629.8,-1989.929,8691.400
564,Outside,126,David Johnson,1645.6,-2055.448,9132.867
565,Hotel,126,Gunny,1906.5,1318.454,474.813
566,Hotel,126,Bobby D,1933.6,1816.692,2219.118
567,Hotel,126,Bobby D,1934.1,1819.272,2235.281
568,Outside,126,David Johnson,2097.1,-1846.133,9289.186
569,Outside,126,Bob Barter,2128.1,-1968.515,8632.133
570,Introhouse,127,Mr. Walker,293.8,886.261,426.376
571,Introhouse,127,Mr. Walker,354.1,886.246,426.425
572,Introhouse,127,Mr. Walker,628.7,921.721,492.757
573,Introhouse,127,Mayor Walker,791.3,885.300,808.688
574,Outside,127,David Johnson,1062.3,-2028.301,9266.975
575,Bar,127,Margaret,1388.0,1378.589,889.607
576,Bar,127,Thomas,1425.2,1592.019,565.625
577,Outside,127,Bob Barter,1462.8,-1946.126,8606.718
578,Outside,127,Tim Tinker,1533.0,-1571.978,8138.929
579,Outside,127,Janna Jarlsson,1801.9,-2578.671,7158.401
580,Outside,127,Alexei,1880.1,87.733,5811.869
581,Introhouse,127,Paul,2495.3,277.700,-163.381
582,Introhouse,127,Mr. Walker,2516.9,845.011,446.772
583,Introhouse,127,Mayor Walker,2540.3,1206.659,468.316
584,Introhouse,127,Ann,2688.6,7704.266,15430.300
585,Mine,127,Spider,2784.8,-503.700,682.821
586,Introhouse,128,Paul,194.8,375.680,-96.884
587,Introhouse,128,Mr. Walker,274.4,861.114,372.763
588,Introhouse,128,Mayor Walker,380.8,756.984,1537.483
589,Introhouse,128,Mayor Walker,381.3,756.984,1537.483
590,Introhouse,128,Mayor Walker,381.7,751.366,1538.540
591,Introhouse,128,Mayor Walker,381.9,744.135,1539.901
592,Introhouse,128,Mayor Walker,382.3,740.317,1540.620
593,Introhouse,128,Mr. Walker,657.0,1002.437,531.255
594,Outside,128,David Johnson,832.4,-1981.697,9324.285
595,Outside,128,Bob Barter,991.8,-1922.600,8605.046
596,Introhouse,130,Paul,59.2,450.189,-123.527
597,Introhouse,130,Mr. Walker,184.4,883.450,422.520
598,Introhouse,130,Mayor Walker,256.8,688.155,1532.389
599,Introhouse,130,Mr. Walker,409.1,967.291,513.121
600,Outside,130,David Johnson,463.3,-1967.095,9279.406
601,Outside,130,Bob Barter,524.5,-2005.281,8652.433
602,Outside,130,Bob Barter,541.9,-1981.007,8591.121
603,Outside,130,Tim Tinker,550.9,-1617.036,8135.425
604,Outside,130,Janna Jarlsson,583.3,-2418.215,7115.191
605,Outside,130,Janna Jarlsson,595.5,-2418.215,7115.191
606,Bar,130,Thomas,781.0,1600.175,602.566
607,Outside,130,Bob Barter,822.8,-1939.154,8646.931
608,Outside,130,Alfred R. Fuddington,864.0,1850.377,10886.123
609,Outside,130,Lara Black,890.0,1908.912,10784.888
610,Outside,130,Andrew Smith,911.6,1699.204,7694.961
611,AbandonedHouse,130,Charline,961.9,628.014,-572.890
612,Outside,130,Cathrine Knot,1006.1,-1924.637,3057.627
613,Outside,130,Richard Wood,1076.1,106.874,9313.773
614,Outside,130,Richard Wood,1128.5,107.244,9300.277
615,Outside,130,Richard Wood,1136.4,98.227,9318.237
616,Outside,130,Richard Wood,1137.8,98.227,9318.237
617,Outside,130,Richard Wood,1141.8,76.057,9318.168
618,Outside,130,Eric Oxton,1144.4,-141.984,9401.633
619,AbandonedHouse,130,Charline,1201.9,605.882,-639.620
620,AbandonedHouse,130,Gibbons,1233.9,798.498,-915.333
621,AbandonedHouse,130,Gibbons,1235.4,798.498,-915.333
622,AbandonedHouse,130,Feral Mutant,1266.4,1284.985,-1480.150
623,AbandonedHouse,130,Feral Mutant,1270.7,1284.985,-1480.150
624,Outside,130,Bob Barter,1696.7,-1873.594,8548.408
625,Introhouse,130,Mr. Walker,1817.1,885.839,393.915
626,Introhouse,130,Mayor Walker,1823.9,949.984,244.929
627,Introhouse,130,Mayor Walker,1853.6,877.185,398.648
628,Outside,130,Bob Barter,1880.3,-1932.131,8618.139
629,Outside,130,Bob Barter,1897.9,-1882.582,8552.226
630,Outside,130,Ann,2000.9,7653.750,15432.104
631,Mine,130,Spider,2049.1,-488.213,737.026
632,Introhouse,131,Paul,121.2,328.335,-36.243
633,Introhouse,131,Mr. Walker,145.8,851.470,423.094
634,Introhouse,131,Mr. Walker,179.2,851.470,423.094
635,Introhouse,131,Mr. Walker,180.2,851.470,423.094
636,Introhouse,131,Mayor Walker,190.0,784.603,1433.578
637,Introhouse,131,Mr. Walker,256.1,815.952,341.310
638,Introhouse,131,Mr. Walker,427.0,1008.053,518.209
639,Outside,131,David Johnson,471.8,-2087.567,9348.127
640,Outside,131,Bob Barter,526.6,-1925.912,8644.093
641,Outside,131,Eric Oxton,563.6,-167.030,9307.059
642,Outside,131,Richard Wood,581.6,29.027,9316.220
643,Outside,131,Alfred R. Fuddington,595.7,1821.959,10842.764
644,Outside,131,Alfred R. Fuddington,608.3,1834.428,10714.597
645,Outside,131,Lara Black,613.3,1834.193,10714.886
646,Outside,131,Ann,642.9,7650.288,15416.449
647,Mine,131,Spider,759.8,-490.704,680.286
648,Mine,131,Stu,776.4,-677.016,1048.572
649,Mine,131,Stu,777.4,-677.009,1048.628
650,Bar,131,Margaret,895.8,1517.188,736.104
651,Bar,131,Thomas,903.1,1761.593,549.174
652,Bar,131,Margaret,987.1,1497.009,783.315
653,Outside,131,Janna Jarlsson,1028.1,-2518.574,7203.026
654,Outside,131,Bob Barter,1111.5,-1806.783,8478.229
655,Outside,131,Bob Barter,1120.6,-1992.874,8648.006
656,Outside,131,David Johnson,1129.2,-2025.715,9429.362
657,Outside,131,Andrew Smith,1155.6,1720.550,7680.032
658,Outside,131,Alexei,1168.6,144.828,5788.286
659,Outside,131,Alexei,1185.0,144.828,5788.286
660,AbandonedHouse,131,Charline,1223.4,581.127,-534.942
661,Outside,131,Richard Wood,1278.9,7.772,9307.852
662,Outside,131,Richard Wood,1293.1,7.772,9307.852
663,AbandonedHouse,131,Charline,1334.7,537.755,-613.119
664,AbandonedHouse,131,Gibbons,1346.9,731.241,-968.990
665,AbandonedHouse,131,Cornelius,1363.9,564.762,-1287.350
666,AbandonedHouse,131,Feral Mutant,1373.2,1153.707,-1568.724
667,AbandonedHouse,131,Feral Mutant,1386.4,1362.225,-1506.855
668,AbandonedHouse,131,Feral Mutant,1387.5,1362.225,-1506.855
669,Mine,131,Crank,1709.2,-399.203,1630.721
670,Outside,131,Ann,1834.4,7756.441,15508.053
671,Hotel,131,Slater,1966.9,2520.275,1865.590
672,Hotel,131,Slater,1975.3,2599.802,1894.761
673,Hotel,131,Slater,1976.5,2599.802,1894.761
674,Outside,131,Alexei,2048.8,77.982,5594.954
675,Outside,131,David Johnson,2062.6,-1985.432,9037.726
676,Outside,131,David Johnson,2088.2,-1779.755,9179.419
677,Outside,131,Ann,2254.2,7705.583,15673.677
678,Outside,131,Alexei,2322.1,1429.319,6316.206
679,Introhouse,132,Paul,63.6,450.190,-132.864
680,Introhouse,132,Paul,72.8,450.190,-132.864
681,Introhouse,132,Mr. Walker,163.1,852.281,374.090
682,Introhouse,132,Mayor Walker,221.5,874.467,1670.728
683,Outside,132,David Johnson,308.3,-2070.982,9204.586
684,Bar,132,Thomas,421.9,1508.145,564.948
685,Bar,132,Margaret,460.4,1697.139,707.963
686,Outside,132,Tim Tinker,475.8,-1672.728,8212.045
687,Introhouse,132,Mr. Walker,646.2,1042.486,522.409
688,Outside,132,Bob Barter,731.6,-1919.393,8631.352
689,Outside,132,David Johnson,781.7,-2081.374,9106.993
690,Outside,132,Ann,890.1,7570.608,15373.697
691,Outside,132,Janna Jarlsson,1122.3,-2458.708,7010.556
692,Outside,132,Bob Barter,1234.9,-1978.860,8673.396
693,Outside,132,Tim Tinker,1249.4,-1574.784,8149.437
694,Outside,132,Tim Tinker,1266.2,-1600.296,8164.904
695,Outside,132,Bob Barter,1438.2,-1934.412,8641.372
696,Outside,132,Eric Oxton,1553.4,-264.338,9301.516
697,Outside,132,Bob Barter,1790.5,-1950.473,8697.122
698,Outside,132,Bob Barter,1902.7,-1949.641,8699.241
699,Introhouse,133,Paul,243.4,197.504,-189.321
700,Introhouse,133,Mr. Walker,284.8,898.155,467.531
701,Introhouse,133,Mr. Walker,526.0,917.453,498.215
702,Introhouse,133,Mayor Walker,624.8,633.349,1495.933
703,Outside,133,David Johnson,670.4,-2035.824,9310.961
704,Outside,133,Ann,755.2,7634.046,15417.674
705,Outside,133,Ann,762.6,7634.093,15417.698
706,Introhouse,134,Paul,168.3,471.842,-165.273
707,Introhouse,134,Paul,209.7,423.855,-165.273
708,Introhouse,134,Paul,210.8,423.855,-165.273
709,Introhouse,134,Paul,212.0,423.855,-165.273
710,Introhouse,134,Paul,212.2,423.855,-165.273
711,Introhouse,134,Paul,248.0,373.008,-102.187
712,Introhouse,134,Paul,537.1,197.795,-142.570
713,Introhouse,134,Paul,538.3,197.795,-142.570
714,Introhouse,134,Mayor Walker,600.7,686.351,1567.779
715,Introhouse,134,Mr. Walker,675.7,796.425,594.441
716,Introhouse,134,Mr. Walker,803.9,828.896,501.605
717,Outside,134,Richard Wood,1165.6,104.231,9295.656
718,Outside,134,Andrew Smith,1193.6,1672.292,7712.165
719,Outside,134,David Johnson,1377.6,-1975.083,9289.924
720,Hotel,134,Sheriff,2230.7,813.431,462.072
721,Hotel,134,Sheriff,2299.5,779.648,448.219
722,Hotel,134,Sheriff,2339.7,755.037,499.555
723,Introhouse,135,Paul,128.0,450.190,-132.864
724,Introhouse,135,Paul,187.2,450.190,-132.864
725,Outside,136,Richard Wood,299.3,188.390,9320.726
726,Outside,136,Andrew Smith,396.9,1681.057,7807.032
727,Outside,136,Eric Oxton,737.1,-70.495,9229.932
728,Outside,136,Janna Jarlsson,1085.7,-2514.027,7110.430
729,Outside,136,Cathrine Knot,1143.5,-2080.108,3036.757
730,Hotel,136,Gunny,1324.9,1398.908,462.507
731,Outside,236,Mayor Walker,101.4,777.951,1466.531
732,Outside,236,Janna Jarlsson,207.7,-2475.088,7018.720
733,Outside,236,Andrew Smith,284.1,1578.161,7681.229
734,Outside,236,Alfred R. Fuddington,321.0,1854.700,10831.616
735,Outside,236,Lara Black,347.8,1774.667,10719.065
736,Introhouse,137,Mr. Walker,102.4,875.582,426.086
737,Introhouse,137,Mr. Walker,139.4,875.582,426.086
738,Introhouse,137,Mr. Walker,140.5,875.582,426.086
739,Introhouse,137,Mayor Walker,144.1,780.787,1489.126
740,Outside,137,David Johnson,253.1,-2024.789,9322.243
741,Outside,137,Bob Barter,356.5,-1909.410,8503.724
742,Outside,137,Tim Tinker,367.5,-1642.559,8131.114
743,Outside,137,Andrew Smith,385.6,1592.119,7645.048
744,Outside,137,Lara Black,403.6,1824.097,10707.091
745,Outside,137,Alfred R. Fuddington,419.8,1737.700,10871.051
746,Bar,137,Margaret,460.4,1572.241,711.081
747,Bar,137,Thomas,467.3,1572.241,711.081
748,Bar,137,Thomas,468.5,1603.208,612.408
749,Outside,137,Ann,542.2,7608.023,15390.147
750,Outside,137,Ann,575.8,7641.613,15394.404
751,Mine,137,Spider,608.6,-497.073,754.531
752,Outside,137,Richard Wood,914.8,244.334,9372.658
753,Outside,137,Eric Oxton,919.2,-18.967,9334.669
754,Outside,137,David Johnson,933.8,-1879.635,9262.995
755,Introhouse,137,Mr. Walker,1061.5,988.751,516.730
756,AbandonedHouse,137,Charline,1158.5,607.096,-591.415
757,Outside,137,Richard Wood,1225.5,284.940,9326.805
758,Outside,137,Richard Wood,1328.5,256.241,9263.741
759,AbandonedHouse,137,Charline,1372.6,627.979,-598.718
760,AbandonedHouse,137,Feral Mutant,1409.8,1182.795,-1559.031
761,Outside,137,David Johnson,1721.5,-1836.623,9253.812
762,Outside,137,Janna Jarlsson,1870.9,-2633.911,7054.998
763,Outside,137,Tim Tinker,1907.6,-1645.766,8075.763
764,Outside,137,David Johnson,1921.8,-2002.683,9134.253
765,Introhouse,138,Paul,215.4,588.599,-14.038
766,Introhouse,138,Paul,358.6,401.223,317.569
767,Introhouse,138,Paul,362.9,445.329,296.493
768,Introhouse,138,Paul,363.5,464.789,288.130
769,Introhouse,138,Paul,363.7,464.783,288.152
770,Introhouse,138,Paul,364.5,464.780,288.209
771,Introhouse,138,Paul,364.7,464.779,288.222
772,Introhouse,138,Paul,364.8,464.779,288.232
773,Outside,138,Janna Jarlsson,993.7,-2500.941,7108.896
774,Outside,138,Andrew Smith,1042.5,1775.214,7825.920
775,Outside,138,Eric Oxton,1081.1,-140.723,9344.235
776,Outside,138,Ann,1133.7,7650.375,15433.878
777,Mine,138,Spider,1185.5,-502.811,796.039
778,Mine,138,Spider,1179.2,-497.842,763.071
779,Mine,138,Spider,1517.5,-626.421,808.529
780,Bar,138,Thomas,1626.9,1818.722,328.192
781,Introhouse,139,Mr. Walker,223.8,994.012,379.094
782,Introhouse,139,Mr. Walker,381.8,960.787,496.883
783,Introhouse,139,Mayor Walker,455.4,640.309,1519.243
784,Outside,139,David Johnson,533.0,-2027.639,9290.915
785,Bar,139,Margaret,605.9,1375.538,710.501
786,Bar,139,Margaret,609.1,1521.747,764.468
787,Bar,139,Thomas,622.7,1596.288,564.026
788,Outside,139,Janna Jarlsson,829.1,-2608.321,7150.240
789,Outside,139,Alexei,876.2,209.960,5733.768
790,AbandonedHouse,139,Charline,922.0,590.068,-580.295
791,Outside,139,Cathrine Knot,1174.2,-1977.231,3114.049
792,Outside,139,Tim Tinker,1215.2,-1544.931,8076.615
793,Outside,139,Bob Barter,1230.4,-1840.999,8525.985
794,Outside,139,David Johnson,1254.8,-2043.987,9145.370
795,Outside,139,Bob Barter,1278.8,-1974.483,8685.981
796,Outside,139,Tim Tinker,1296.4,-1556.468,8153.979
797,Bar,139,Margaret,1315.1,1437.428,719.253
798,Bar,139,Margaret,1408.1,1571.473,918.834
799,Outside,139,Eric Oxton,1441.1,-181.170,9371.737
800,Outside,139,Richard Wood,1459.9,-13.065,9297.318
801,Outside,139,Richard Wood,1589.1,31.961,9297.755
802,AbandonedHouse,139,Charline,1628.1,632.800,-589.890
803,AbandonedHouse,139,Gibbons,1644.3,698.315,-899.941
804,AbandonedHouse,139,Feral Mutant,1675.2,1126.766,-1567.353
805,AbandonedHouse,139,Feral Mutant,1676.6,1126.766,-1567.353
806,Outside,139,Bob Barter,1732.0,-1866.784,8567.104
807,Outside,139,Andrew Smith,1761.5,1679.328,7790.453
808,Outside,139,Lara Black,1784.6,1826.693,10699.212
809,Outside,139,Alfred R. Fuddington,1799.0,1830.203,10802.208
810,Outside,139,Ann,1854.3,7592.522,15381.120
811,Outside,139,Ann,1860.6,7592.522,15381.120
812,Introhouse,139,Paul,2158.8,348.506,-38.887
813,Introhouse,139,Paul,2160.2,348.506,-38.887
814,Outside,139,Bob Barter,2184.2,-1978.932,8688.443
815,Outside,139,David Johnson,2199.2,-1988.625,9158.781
816,Outside,139,David Johnson,2230.6,-1988.625,9158.781
817,Outside,139,David Johnson,2435.2,-2038.778,9229.236
818,Introhouse,140,Paul,124.4,388.955,-150.352
819,Introhouse,140,Mr. Walker,190.4,884.257,450.105
820,Introhouse,140,Mayor Walker,290.4,803.622,1412.985
821,Introhouse,140,Mr. Walker,651.8,1016.501,504.143
822,Introhouse,140,Mayor Walker,775.0,781.351,1464.073
823,Outside,140,David Johnson,854.1,-2115.191,9320.074
824,Outside,140,Bob Barter,984.1,-1996.918,8562.947
825,Outside,140,Tim Tinker,1031.1,-1675.262,8160.356
826,Outside,140,Janna Jarlsson,1058.3,-2369.991,7113.319
827,Outside,140,Alexei,1168.3,65.770,5775.743
828,Outside,140,Andrew Smith,1258.5,1700.665,7810.945
829,Outside,140,Richard Wood,1292.8,190.423,9340.390
830,Outside,140,Eric Oxton,1301.9,-16.397,9339.332
831,Outside,140,Alfred R. Fuddington,1331.2,1881.079,10793.457
832,Outside,140,Lara Black,1350.4,1811.797,10743.805
833,Outside,140,Ann,1577.8,7580.036,15379.552
834,Introhouse,141,Paul,160.0,477.742,-132.431
835,Introhouse,141,Paul,199.2,236.020,-212.851
836,Introhouse,141,Mr. Walker,255.8,877.290,378.436
837,Introhouse,141,Mayor Walker,313.6,770.691,1382.000
838,Outside,141,David Johnson,812.9,-2079.385,9326.980
839,Bar,141,Thomas,923.9,1455.595,566.412
840,Bar,141,Margaret,952.8,1488.757,670.771
841,Bar,141,Thomas,978.2,1477.536,566.521
842,Outside,141,Bob Barter,1071.2,-1984.477,8630.576
843,Outside,141,Tim Tinker,1095.0,-1672.649,8178.518
844,Introhouse,141,Mayor Walker,1177.9,716.326,48.007
845,Outside,141,Eric Oxton,1216.1,-201.583,9325.080
846,Outside,141,Richard Wood,1242.5,52.584,9277.158
847,Outside,141,Andrew Smith,1262.5,1695.913,7811.573
848,Outside,141,Andrew Smith,1290.5,1644.176,7713.842
849,Outside,141,Janna Jarlsson,1314.3,-2374.368,7118.995
850,SheriffOffice,141,Tim Tinker,1382.0,2062.015,1112.537
851,SheriffOffice,141,Tim Tinker,1383.6,2062.015,1112.537
852,SheriffOffice,141,Tim Tinker,1386.6,2062.015,1112.537
853,SheriffOffice,141,Tim Tinker,1468.0,2029.458,1174.249
854,SheriffOffice,141,Tim Tinker,1470.0,2029.458,1174.249
855,Outside,141,Bob Barter,1514.2,-1995.787,8523.015
856,Introhouse,141,Mr. Walker,1690.5,823.234,498.321
857,Introhouse,141,Mr. Walker,1755.9,1004.376,511.969
858,Outside,141,David Johnson,1842.5,-2024.866,9393.344
859,Outside,141,Bob Barter,1855.5,-1963.389,8667.230
860,Introhouse,141,Mayor Walker,2042.5,859.908,-109.414
861,Bar,141,Thomas,2121.3,2218.107,918.188
862,Bar,141,Margaret,2147.1,2109.479,874.326
863,Outside,141,Lara Black,2174.9,1830.443,10703.828
864,Outside,141,Alfred R. Fuddington,2192.6,1875.322,10865.185
865,Introhouse,141,Mayor Walker,2282.6,863.049,89.008
866,SheriffOffice,141,Bob Barter,2321.4,2061.604,1193.289
867,Bar,141,Thomas,2402.5,2105.018,903.899
868,Bar,141,Thomas,2410.9,2105.018,903.899
869,Bar,141,Thomas,2415.6,2105.018,903.899
870,Bar,141,Margaret,2421.8,2082.502,835.283
871,Outside,141,Cathrine Knot,2457.2,-1988.637,3063.298
872,Outside,141,Ann,2604.4,7647.164,15406.083
873,Mine,141,Spider,2656.6,-513.596,789.915
874,Mine,141,Spider,2662.6,-513.596,789.915
875,Introhouse,142,Mr. Walker,126.4,874.758,450.090
876,Introhouse,142,Mr. Walker,235.2,906.625,480.231
877,Outside,142,David Johnson,418.4,-2003.871,9231.363
878,Outside,142,David Johnson,465.0,-2003.936,9231.282
879,Outside,142,Bob Barter,520.1,-1948.541,8608.272
880,Outside,142,Tim Tinker,539.9,-1654.705,8060.288
881,Outside,142,Alexei,571.5,83.705,5649.743
882,Outside,142,Cathrine Knot,629.7,-1935.151,3087.902
883,AbandonedHouse,142,Charline,1082.9,546.357,-574.683
884,Outside,142,Andrew Smith,1395.6,1691.380,7711.298
885,Outside,142,Janna Jarlsson,1433.4,-2459.301,7104.849
886,Outside,142,Eric Oxton,1576.1,-190.470,9295.428
887,Outside,142,Richard Wood,1586.9,104.449,9267.221
888,Outside,142,Richard Wood,1610.7,104.449,9267.221
889,Outside,142,Eric Oxton,1635.1,-87.289,9382.034
890,AbandonedHouse,142,Charline,1792.0,563.476,-664.549
891,AbandonedHouse,142,Charline,1809.8,563.480,-664.548
892,Outside,142,Bob Barter,1993.9,-1927.391,8524.610
893,Outside,142,Bob Barter,2021.8,-1927.391,8524.610
894,Hotel,142,Slater,2151.5,2557.653,1852.946
895,Hotel,142,Munz,2213.7,1253.489,2420.978
896,Hotel,142,Munz,2215.3,1253.489,2420.978
897,Hotel,142,Munz,2217.5,1314.713,2366.267
898,Hotel,142,Dough,2226.6,1942.398,1716.933
899,Hotel,142,Dough,2227.4,1942.398,1716.933
900,Hotel,142,Sheriff,2251.6,759.672,505.111
901,Hotel,142,Sheriff,2270.6,759.672,505.111
902,Hotel,142,Sheriff,2303.9,720.962,514.021
903,Hotel,142,Sheriff,2367.7,693.776,531.407
904,Introhouse,144,Mr. Walker,81.6,924.417,443.457
905,Introhouse,144,Mr. Walker,141.2,924.417,443.457
906,Introhouse,144,Mr. Walker,143.0,924.417,443.457
907,Introhouse,144,Mr. Walker,149.8,917.183,490.856
908,Introhouse,144,Mayor Walker,157.2,768.762,1501.558
909,Introhouse,144,Mayor Walker,275.1,788.776,1501.163
910,Outside,144,David Johnson,471.1,-2053.212,9260.737
911,Outside,144,Eric Oxton,552.3,-198.499,9352.502
912,Hotel,144,Sheriff,807.0,1183.114,915.238
913,Hotel,144,Sheriff,785.8,1209.087,1650.503
914,Hotel,144,Sheriff,791.1,1209.090,1650.495
915,Hotel,144,Sheriff,792.0,1209.090,1650.495
916,Hotel,144,Sheriff,795.4,1209.090,1650.495
917,Hotel,144,Sheriff,796.8,1209.090,1650.495
918,Hotel,144,Sheriff,797.9,1209.090,1650.495
919,Hotel,144,Sheriff,815.2,1209.090,1650.495
920,Hotel,144,Sheriff,816.5,1209.090,1650.495
921,Hotel,144,Sheriff,779.0,624.578,893.947
922,Introhouse,145,Mr. Walker,247.6,892.566,352.587
923,Introhouse,145,Mayor Walker,340.8,681.590,1460.932
924,Outside,145,Janna Jarlsson,547.7,-2508.225,7219.526
925,Outside,145,Bob Barter,691.5,-1854.079,8560.532
926,Outside,145,David Johnson,760.3,-2001.015,9096.346
927,Outside,145,Eric Oxton,994.7,-170.047,9251.773
928,Outside,145,Richard Wood,1039.5,90.269,9242.919
929,Bar,145,Thomas,1172.5,1474.058,591.860
930,Bar,145,Margaret,1245.2,1652.900,719.219
931,Introhouse,145,Mr. Walker,1427.6,904.339,499.940
932,Introhouse,145,Mr. Walker,1429.2,904.339,499.940
933,Introhouse,145,Mr. Walker,1430.8,904.364,499.906
934,Introhouse,145,Mr. Walker,1438.8,839.640,551.578
935,Introhouse,145,Mr. Walker,1440.2,839.640,551.578
936,Introhouse,145,Mr. Walker,1442.7,919.364,502.347
937,Introhouse,145,Mr. Walker,1443.5,919.364,502.347
938,Introhouse,145,Mr. Walker,1452.5,907.872,512.282
939,Introhouse,145,Mayor Walker,1614.3,1040.979,453.295
940,Introhouse,145,Mr. Walker,1628.5,1040.979,453.295
941,Introhouse,145,Mayor Walker,1732.8,882.379,869.628
942,Outside,145,Tim Tinker,1943.8,-1618.781,8133.868
943,Outside,145,Cathrine Knot,2045.4,-1990.500,2950.351
944,AbandonedHouse,145,Charline,2128.8,642.655,-628.107
945,Outside,145,Richard Wood,2234.0,249.329,9263.657
946,Outside,145,Richard Wood,2413.0,86.859,9331.423
947,Outside,145,Richard Wood,2427.3,86.859,9331.423
948,AbandonedHouse,145,Charline,2478.9,587.435,-611.124
949,Introhouse,146,Mr. Walker,141.0,942.477,429.168
950,Introhouse,146,Mr. Walker,404.7,970.323,503.346
951,Introhouse,146,Mayor Walker,428.3,799.247,1449.271
952,Introhouse,146,Mayor Walker,475.8,873.081,1554.645
953,Outside,146,David Johnson,566.3,-2012.487,9329.838
954,Outside,146,Eric Oxton,622.8,-172.028,9280.202
955,Outside,146,Richard Wood,636.6,63.419,9303.548
956,Outside,146,Bob Barter,649.4,-1890.402,8576.675
957,Outside,146,Bob Barter,665.9,-1890.402,8576.675
958,Outside,146,Tim Tinker,672.3,-1614.482,8172.982
959,Outside,146,Tim Tinker,681.5,-1614.482,8172.982
960,Introhouse,146,Mayor Walker,710.4,889.362,911.961
961,Outside,146,Bob Barter,732.9,-1919.761,8611.717
962,Outside,146,Tim Tinker,741.3,-1598.054,8096.026
963,Outside,146,Bob Barter,753.8,-1832.865,8483.767
964,Outside,146,Janna Jarlsson,779.3,-2415.958,7174.835
965,Bar,146,Thomas,925.5,1534.080,593.352
966,Bar,146,Thomas,927.8,1534.080,593.352
967,Bar,146,Margaret,940.4,1587.112,689.083
968,Outside,146,Lara Black,1038.4,1776.473,10725.135
969,Outside,146,Alfred R. Fuddington,1061.3,1844.782,10770.268
970,Outside,146,Andrew Smith,1085.1,1670.383,7808.780
971,Outside,146,Alexei,1102.9,147.458,5799.691
972,Outside,146,Ann,1383.9,7596.325,15424.971
973,Mine,146,Spider,1446.9,-498.880,790.752
974,Mine,146,Spider,1473.3,-445.622,729.165
975,Mine,146,Spider,1708.9,-503.330,759.249
976,Mine,146,Spider,1803.5,-474.044,912.373
977,Mine,146,Spider,1804.7,-478.446,903.676
978,Outside,146,Ann,1835.7,7741.580,15486.078
979,Outside,146,Richard Wood,1890.4,263.329,9276.482
980,Outside,146,Eric Oxton,1896.8,-193.013,9285.939
981,Outside,146,Janna Jarlsson,1922.4,-2478.079,7221.072
982,Outside,146,Bob Barter,1964.8,-1786.906,8492.999
983,Outside,146,Cathrine Knot,1984.8,-2033.658,3080.916
984,Outside,146,Cathrine Knot,2244.1,-2101.440,2955.087
985,AbandonedHouse,146,Charline,2314.6,629.673,-610.652
986,Outside,146,Richard Wood,2367.4,70.316,9316.735
987,Outside,146,Richard Wood,2382.4,70.316,9316.735
988,AbandonedHouse,146,Charline,2424.6,610.941,-621.697
989,AbandonedHouse,146,Gibbons,2434.6,710.880,-945.539
990,AbandonedHouse,146,Feral Mutant,2437.8,1153.941,-1562.743
991,Introhouse,147,Paul,149.0,255.083,-261.135
992,Introhouse,147,Mr. Walker,238.4,893.433,354.458
993,Introhouse,147,Mayor Walker,396.7,781.466,1427.755
994,Introhouse,147,Mr. Walker,637.5,1019.086,510.756
995,Outside,147,David Johnson,759.9,-1918.883,9346.436
996,Outside,147,Eric Oxton,929.9,-150.279,9372.405
997,Outside,147,Richard Wood,963.9,103.552,9393.995
998,Outside,147,Andrew Smith,985.5,1752.600,7719.454
999,Outside,147,Alexei,1024.3,178.371,5778.803
1000,Outside,147,Janna Jarlsson,1121.3,-2412.316,7038.163
1001,Outside,147,Tim Tinker,1193.3,-1637.802,8107.804
1002,Outside,147,Tim Tinker,1212.2,-1637.802,8107.804
1003,Outside,147,Bob Barter,1224.2,-1947.806,8615.489
1004,Bar,147,Margaret,1307.0,1563.982,754.248
1005,Bar,147,Thomas,1364.7,1685.420,456.285
1006,Outside,147,Tim Tinker,1600.7,-1651.210,8085.463
1007,Outside,147,Cathrine Knot,1866.2,-1997.161,3034.468
1008,AbandonedHouse,147,Charline,2330.2,615.170,-502.215
1009,Outside,147,Lara Black,2412.2,1857.508,10687.247
1010,Outside,147,Alfred R. Fuddington,2428.6,1871.526,10790.647
1011,Outside,147,Richard Wood,2460.4,208.230,9330.135
1012,Outside,147,Richard Wood,2489.8,208.230,9330.135
1013,Outside,147,Richard Wood,2503.0,208.230,9330.135
1014,Outside,147,Richard Wood,2504.7,208.230,9330.135
1015,AbandonedHouse,147,Charline,2585.8,621.874,-558.462
1016,AbandonedHouse,147,Charline,2601.7,528.748,-597.392
1017,AbandonedHouse,147,Gibbons,2624.7,835.676,-936.153
1018,AbandonedHouse,147,Feral Mutant,2680.8,1134.819,-1589.477
1019,AbandonedHouse,147,Cornelius,2857.2,654.807,-1339.271
1020,AbandonedHouse,147,Charline,2867.2,597.367,-809.678
1021,Introhouse,148,Paul,80.6,517.060,-116.882
1022,Introhouse,148,Paul,80.8,517.060,-116.882
1023,Introhouse,148,Paul,81.2,517.060,-116.882
1024,Introhouse,148,Paul,81.5,517.060,-116.882
1025,Introhouse,148,Paul,81.7,517.695,-121.072
1026,Introhouse,148,Paul,81.9,518.605,-127.087
1027,Introhouse,148,Paul,82.1,519.259,-131.406
1028,Introhouse,148,Paul,82.7,527.244,-79.308
1029,Introhouse,148,Paul,82.9,527.244,-79.308
1030,Introhouse,148,Paul,83.1,527.244,-79.308
1031,Introhouse,148,Paul,84.0,528.659,-100.581
1032,Introhouse,148,Paul,84.2,526.344,-101.114
1033,Introhouse,148,Mr. Walker,143.6,885.536,345.196
1034,Introhouse,148,Mayor Walker,167.6,779.861,1408.357
1035,Introhouse,148,Mr. Walker,275.0,981.609,475.809
1036,Outside,148,David Johnson,329.9,-2030.603,9333.002
1037,Bar,148,Thomas,385.9,1648.388,605.195
1038,Bar,148,Margaret,400.8,1579.315,714.329
1039,Bar,148,Margaret,406.0,1579.315,714.329
1040,Outside,148,Bob Barter,455.2,-1995.416,8628.489
1041,Outside,148,Tim Tinker,471.6,-1628.261,8147.902
1042,Outside,148,Janna Jarlsson,728.2,-2537.604,7213.127
1043,Hotel,148,Slater,833.6,2670.546,1810.125
1044,Bar,148,Thomas,917.5,2123.500,908.816
1045,Bar,148,Margaret,925.3,2309.202,921.001
1046,Outside,148,Mr. Walker,955.7,855.813,573.713
1047,Outside,148,David Johnson,969.2,-1974.654,9371.700
1048,Outside,148,Andrew Smith,997.6,1627.800,7659.171
1049,Outside,148,Ann,1027.8,7610.662,15383.459
1050,Mine,148,Spider,1057.1,-498.562,708.985
1051,Outside,148,David Johnson,1157.7,-1793.652,9307.427
1052,Outside,148,Bob Barter,1161.9,-1952.812,8667.614
1053,Outside,148,Ann,1435.7,7741.919,15442.446
1054,Outside,148,Alexei,1473.9,158.861,5814.677
1055,Outside,148,Tim Tinker,1524.0,-1600.664,8084.184
1056,Outside,148,Bob Barter,1540.0,-1804.256,8460.840
1057,Outside,148,Janna Jarlsson,1555.2,-2511.759,7183.136
1058,AbandonedHouse,148,Charline,1593.2,587.382,-602.097
1059,Outside,148,Richard Wood,1698.8,56.775,9280.247
1060,Outside,148,Richard Wood,1713.0,32.411,9306.739
1061,Outside,148,Richard Wood,1763.2,-7.104,9309.618
1062,Outside,148,Cathrine Knot,1793.0,-1944.693,3017.626
1063,AbandonedHouse,148,Charline,1824.0,644.067,-640.014
1064,Outside,148,Cathrine Knot,2028.0,-1966.906,3036.422
1065,Outside,148,David Johnson,2115.2,-1965.816,9149.760
1066,Outside,148,Lara Black,2362.3,1775.597,10660.139
1067,Outside,148,Alfred R. Fuddington,2371.4,1846.046,10750.015
1068,Outside,148,Bob Barter,2453.2,-1985.330,8614.817
1069,Introhouse,149,Paul,123.2,267.960,-103.902
1070,Introhouse,149,Paul,157.1,268.199,-103.788
1071,Introhouse,149,Mr. Walker,207.7,891.209,356.268
1072,Introhouse,149,Mr. Walker,229.5,891.145,356.782
1073,Introhouse,149,Mayor Walker,236.7,776.595,1458.945
1074,Outside,149,David Johnson,452.7,-1989.090,9289.131
1075,Bar,149,Margaret,502.1,1562.222,762.229
1076,Outside,149,Bob Barter,534.6,-1932.918,8558.217
1077,Outside,149,Tim Tinker,556.8,-1650.786,8185.631
1078,Introhouse,149,Mayor Walker,636.2,959.133,256.793
1079,Introhouse,149,Mayor Walker,658.8,884.438,383.170
1080,Introhouse,149,Mr. Walker,670.2,884.438,383.170
1081,Introhouse,149,Mayor Walker,672.6,884.438,383.170
1082,Introhouse,149,Mr. Walker,835.5,1047.153,486.040
1083,Introhouse,149,Mayor Walker,903.9,1014.629,359.333
1084,Outside,149,Tim Tinker,925.5,-1649.260,8178.612
1085,Outside,149,Tim Tinker,932.7,-1649.260,8178.612
1086,Outside,149,Alexei,957.7,128.302,5710.057
1087,Outside,149,Andrew Smith,992.3,1690.883,7709.264
1088,Outside,149,Lara Black,1019.5,1806.445,10748.568
1089,Outside,149,Alfred R. Fuddington,1031.4,1806.445,10748.568
1090,Outside,149,Eric Oxton,1054.2,-96.597,9282.467
1091,Outside,149,Richard Wood,1076.4,121.984,9227.965
1092,Outside,149,Ann,1113.0,7650.786,15421.489
1093,Outside,149,Ann,1120.8,7650.786,15421.489
1094,Mine,149,Spider,1197.6,-523.227,789.643
1095,AbandonedHouse,149,Charline,1502.7,690.719,-535.269
1096,Outside,149,Richard Wood,1668.3,174.995,9265.673
1097,Bar,149,Margaret,1711.3,1386.547,753.609
1098,Bar,149,Margaret,1728.7,1386.547,753.609
1099,Bar,149,Thomas,1756.2,1486.540,565.353
1100,Outside,149,Richard Wood,1989.0,39.178,9277.948
1101,AbandonedHouse,149,Charline,2056.2,668.225,-568.845
1102,AbandonedHouse,149,Charline,2067.2,668.225,-568.845
1103,AbandonedHouse,149,Gibbons,2113.1,775.268,-918.898
1104,AbandonedHouse,149,Cornelius,2117.1,666.179,-1158.729
1105,AbandonedHouse,149,Cornelius,2124.7,666.179,-1158.729
1106,AbandonedHouse,149,Feral Mutant,2192.3,1117.785,-1572.973
1107,Outside,149,Cathrine Knot,2313.9,-1978.124,3061.260
1108,Outside,149,Alexei,2360.3,107.047,5543.148
1109,Outside,149,Janna Jarlsson,2388.7,-2489.867,7042.526
1110,Introhouse,150,Mr. Walker,93.8,823.475,452.218
1111,Introhouse,150,Mr. Walker,285.6,986.037,524.693
1112,Outside,150,Mayor Walker,383.6,734.022,1469.162
1113,Outside,150,Alfred R. Fuddington,489.1,1863.035,10822.472
1114,AbandonedHouse,150,Charline,568.6,643.346,-607.011
1115,Outside,150,Richard Wood,653.6,132.700,9317.451
1116,Outside,150,Richard Wood,829.0,55.248,9343.837
1117,AbandonedHouse,150,Charline,877.0,653.968,-590.455
1118,Outside,150,Ann,1121.8,7574.499,15363.743
1119,Mine,150,Spider,1349.5,-479.778,739.205
1120,Mine,150,Spider,1375.9,-479.778,739.205
1121,Mine,150,Wild Bill,1396.9,-130.541,1251.123
1122,Mine,150,Wild Bill,1398.5,-130.541,1251.123
1123,Mine,150,Wild Bill,1401.1,-131.903,1362.601
1124,Outside,150,Ann,1473.4,7715.656,15488.175
1125,Outside,150,Ann,1496.4,7736.187,15395.084
1126,Outside,150,Alexei,1608.0,129.953,5711.248
1127,Hotel,150,Gunny,1955.6,1314.477,491.363
1128,Hotel,150,Gunny,1956.2,1314.477,491.363
1129,Introhouse,151,Paul,93.0,386.616,-148.120
1130,Introhouse,151,Mayor Walker,207.4,810.209,1412.938
1131,Bar,151,Margaret,566.4,1545.150,755.449
1132,Bar,151,Thomas,615.8,1738.284,540.699
1133,Bar,151,Thomas,655.9,1680.122,456.676
1134,Outside,151,Eric Oxton,721.9,-162.828,9349.328
1135,Outside,151,Richard Wood,772.1,72.822,9410.539
1136,Outside,151,Janna Jarlsson,816.7,-2446.742,7175.898
1137,Outside,151,Tim Tinker,1035.5,-1706.435,8086.080
1138,Outside,151,Bob Barter,1136.7,-1902.956,8473.436
1139,Outside,151,David Johnson,1161.5,-1985.486,9065.355
1140,Outside,151,Andrew Smith,1340.6,1663.647,7652.171
1141,Outside,151,Alexei,1413.4,43.152,5803.429
1142,Outside,151,Cathrine Knot,1457.6,-1974.567,3049.861
1143,Outside,151,Lara Black,1695.6,1819.647,10778.366
1144,Outside,151,Alfred R. Fuddington,1715.1,1861.796,10955.670
1145,Outside,151,David Johnson,1815.2,-1876.408,9231.543
1146,Outside,151,Tim Tinker,1848.3,-1635.797,8120.119
1147,Outside,151,Cathrine Knot,2049.6,-1953.421,3042.349
1148,Introhouse,152,Paul,161.6,330.585,-33.099
1149,Introhouse,152,Paul,163.0,330.585,-33.099
1150,Introhouse,152,Paul,164.5,327.677,-64.827
1151,Introhouse,152,Mr. Walker,208.9,894.570,359.624
1152,Introhouse,152,Mr. Walker,477.3,1048.010,503.427
1153,Introhouse,152,Paul,552.0,414.316,-86.161
1154,Introhouse,152,Mayor Walker,617.2,776.995,1444.236
1155,Introhouse,152,Mayor Walker,709.8,776.995,1444.236
1156,Outside,152,Janna Jarlsson,838.0,-2651.552,7031.529
1157,Outside,152,Alexei,900.8,84.168,5771.375
1158,Outside,152,Andrew Smith,935.0,1601.507,7623.192
1159,Outside,152,Janna Jarlsson,983.7,-2422.305,7062.908
1160,Outside,152,Bob Barter,1006.3,-1892.965,8491.089
1161,Outside,152,David Johnson,1044.5,-2014.694,9117.207
1162,Outside,152,Cathrine Knot,1122.0,-2166.548,2996.813
1163,AbandonedHouse,152,Charline,1438.6,562.395,-655.846
1164,Outside,152,Richard Wood,1567.2,219.378,9354.794
1165,Outside,152,Tim Tinker,1959.2,-1590.854,8087.319
1166,Outside,152,Eric Oxton,1987.9,-239.016,9388.559
1167,Outside,152,Richard Wood,2018.3,183.451,9381.043
1168,Outside,152,Lara Black,2029.7,1818.175,10723.218
1169,Outside,152,Alfred R. Fuddington,2051.7,1854.496,10766.621
1170,Outside,152,Ann,2125.7,7575.923,15405.009
1171,Mine,152,Spider,2351.5,-505.467,721.303
1172,Mine,152,Spider,2367.3,-497.976,737.703
1173,Mine,152,Stu,2378.7,-590.389,1144.440
1174,Mine,152,Wild Bill,2381.7,-120.396,1276.131
1175,Mine,152,Frog,2383.3,-163.423,1472.798
1176,Mine,152,Crank,2385.5,-355.526,1453.763
1177,Mine,152,Wild Bill,2419.7,60.321,1302.588
1178,Mine,152,Spider,2422.3,-428.069,917.597
1179,Outside,152,Ann,2494.8,7778.239,15427.115
1180,Bar,152,Thomas,2626.9,1540.037,592.727
1181,Bar,152,Margaret,2642.6,1616.919,746.414
1182,Outside,152,Richard Wood,2714.9,43.208,9314.161
1183,AbandonedHouse,152,Charline,2763.7,571.231,-643.792
1184,AbandonedHouse,152,Gibbons,2774.4,695.274,-783.420
1185,AbandonedHouse,152,Feral Mutant,2828.8,1200.008,-1640.575
1186,Introhouse,153,Paul,161.8,330.794,-76.708
1187,Introhouse,153,Paul,163.2,412.959,-78.313
1188,Introhouse,153,Paul,163.6,412.959,-78.313
1189,Introhouse,153,Paul,165.1,412.959,-78.313
1190,Introhouse,153,Paul,173.9,-105.592,62.972
1191,Introhouse,153,Mr. Walker,188.7,890.107,427.869
1192,Introhouse,153,Mayor Walker,340.5,842.967,1436.932
1193,Introhouse,153,Mr. Walker,495.7,1000.996,515.871
1194,Introhouse,153,Mr. Walker,496.5,1000.996,515.871
1195,Introhouse,153,Mr. Walker,497.3,1000.996,515.871
1196,Introhouse,153,Mr. Walker,848.1,994.008,474.806
1197,Outside,153,David Johnson,949.3,-2057.473,9184.961
1198,Outside,153,Eric Oxton,1047.4,-137.497,9407.449
1199,Outside,153,Richard Wood,1069.6,107.469,9355.073
1200,Outside,153,Andrew Smith,1083.8,1662.020,7772.721
1201,Outside,153,Alexei,1111.6,163.588,5718.334
1202,AbandonedHouse,153,Charline,1164.4,562.562,-570.681
1203,Outside,153,Richard Wood,1233.4,152.527,9373.438
1204,Bar,153,Thomas,1347.1,1516.042,452.618
1205,Bar,153,Margaret,1362.3,1553.853,690.046
1206,Outside,153,Richard Wood,1411.1,81.629,9274.841
1207,Outside,153,Richard Wood,1506.4,43.663,9284.349
1208,AbandonedHouse,153,Charline,1552.6,571.532,-531.281
1209,AbandonedHouse,153,Feral Mutant,1621.8,1146.276,-1569.480
1210,AbandonedHouse,153,Cornelius,1700.2,636.943,-1309.201
1211,AbandonedHouse,153,Cornelius,1707.9,557.764,-1301.958
1212,AbandonedHouse,153,Cornelius,1709.3,557.764,-1301.958
1213,AbandonedHouse,153,Gibbons,1723.1,770.505,-961.867
1214,Outside,153,Cathrine Knot,1743.9,-1947.878,3030.301
1215,Outside,153,Janna Jarlsson,1784.9,-2451.549,7016.492
1216,Outside,153,David Johnson,1851.4,-1953.810,9115.419
1217,Outside,153,David Johnson,1956.1,-1949.325,9188.000
1218,Outside,153,David Johnson,2352.7,-1997.794,9169.326
1219,Outside,153,Ann,2411.5,7628.650,15323.857
1220,Hotel,153,Slater,2545.0,2758.078,1771.725
1221,Hotel,153,Slater,2576.9,2758.078,1771.725
1222,Hotel,153,Slater,2590.5,2758.078,1771.725
1223,Outside,153,Lara Black,2661.7,1833.359,10706.514
1224,Outside,153,David Johnson,2683.4,-1974.263,9180.950
1225,Outside,153,Richard Wood,2726.6,94.885,9308.297
1226,Introhouse,156,Mr. Walker,157.0,878.242,360.125
1227,Introhouse,156,Mr. Walker,297.4,1012.705,511.967
1228,Introhouse,156,Mayor Walker,348.0,811.944,1472.381
1229,Outside,156,David Johnson,406.4,-2026.004,9330.061
1230,Outside,156,Ann,577.5,7553.153,15353.410
1231,Mine,156,Spider,780.6,-492.961,764.782
1232,Mine,156,Spider,1060.2,-485.917,687.809
1233,Outside,156,Ann,1105.3,7779.669,15516.645
1234,Outside,156,Cathrine Knot,1159.3,-1932.610,3059.357
1235,Outside,156,Eric Oxton,1320.1,-196.978,9287.341
1236,Outside,156,Richard Wood,1340.1,4.138,9314.365
1237,Outside,156,Lara Black,1351.3,1774.576,10678.827
1238,Outside,156,Alfred R. Fuddington,1371.5,1896.795,10757.326
1239,Bar,156,Margaret,1455.8,1532.537,743.521
1240,Bar,156,Thomas,1467.2,1658.804,604.165
1241,Outside,156,Tim Tinker,1550.7,-1652.846,8173.499
1242,Outside,156,Bob Barter,1566.7,-1831.612,8522.750
1243,Outside,156,Janna Jarlsson,1601.3,-2504.919,7206.866
1244,Outside,156,Bob Barter,1731.9,-1893.381,8588.888
1245,Hotel,156,Slater,1848.9,2751.111,1772.606
1246,Outside,156,David Johnson,1940.7,-1963.981,9166.747
1247,AbandonedHouse,156,Charline,2007.5,609.875,-560.434
1248,Outside,156,Richard Wood,2058.7,256.214,9285.197
1249,Outside,156,Richard Wood,2082.5,256.214,9285.197
1250,Outside,156,Richard Wood,2121.8,6.450,9319.890
1251,AbandonedHouse,156,Charline,2159.0,562.859,-659.313
1252,AbandonedHouse,156,Gibbons,2170.0,759.431,-902.912
1253,AbandonedHouse,156,Cornelius,2175.5,657.189,-1115.232
1254,AbandonedHouse,156,Feral Mutant,2202.7,1160.329,-1719.810
1255,Outside,156,Bob Barter,2325.1,-1946.056,8616.710
1256,Hotel,156,Slater,2503.1,2495.322,1981.447
1257,Hotel,156,Slater,2504.1,2495.322,1981.447
1258,Introhouse,157,Paul,149.0,254.318,-5.470
1259,Introhouse,157,Mr. Walker,178.1,887.362,396.481
1260,Introhouse,157,Mayor Walker,258.4,792.275,1371.676
1261,Introhouse,157,Mayor Walker,580.7,769.859,1506.357
1262,Outside,157,Alfred R. Fuddington,681.7,1859.234,11021.565
1263,Outside,157,Lara Black,713.5,1901.192,10871.033
1264,Outside,157,Richard Wood,757.9,194.881,9296.085
1265,Outside,157,Eric Oxton,768.8,-49.764,9289.954
1266,Outside,157,David Johnson,789.8,-1903.379,9234.860
1267,Outside,157,Bob Barter,920.8,-1972.959,8648.287
1268,Outside,157,Bob Barter,930.2,-1972.959,8648.287
1269,Outside,157,Tim Tinker,939.0,-1667.551,8216.746
1270,Outside,157,Janna Jarlsson,1000.0,-2523.153,7037.576
1271,Outside,157,Tim Tinker,1240.6,-1595.382,8174.710
1272,AbandonedHouse,157,Charline,1399.4,663.614,-596.461
1273,Outside,157,Alexei,1482.0,186.424,5684.470
1274,Bar,157,Thomas,1574.2,1517.301,639.119
1275,Bar,157,Margaret,1631.0,1619.402,889.715
1276,Outside,157,Richard Wood,1715.7,83.416,9394.523
1277,Outside,157,Richard Wood,1860.3,51.990,9320.801
1278,Introhouse,157,Mayor Walker,2052.2,916.462,115.163
1279,AbandonedHouse,157,Charline,2246.4,706.817,-520.658
1280,AbandonedHouse,157,Charline,2247.0,706.817,-520.658
1281,Introhouse,157,Mayor Walker,2483.6,972.209,607.121
1282,Introhouse,158,Paul,157.8,346.014,-248.383
1283,Introhouse,158,Paul,159.2,346.014,-248.383
1284,Introhouse,158,Paul,160.2,346.014,-248.383
1285,Introhouse,158,Mr. Walker,233.2,896.724,465.510
1286,Introhouse,158,Mr. Walker,466.8,952.947,507.529
1287,Introhouse,158,Mayor Walker,563.3,788.543,1439.485
1288,Outside,158,David Johnson,708.3,-2056.712,9353.713
1289,Outside,158,David Johnson,1061.1,-1946.126,9093.135
1290,Outside,158,Cathrine Knot,1136.4,-2075.446,2987.237
1291,Outside,158,Alfred R. Fuddington,1328.2,1850.839,11011.454
1292,Outside,158,Alfred R. Fuddington,1336.4,1850.839,11011.454
1293,Outside,158,Andrew Smith,1351.3,1655.128,7786.846
1294,AbandonedHouse,158,Charline,1395.3,621.319,-628.446
1295,Outside,158,Richard Wood,1516.3,11.520,9300.317
1296,Outside,158,Eric Oxton,1566.1,-194.812,9283.524
1297,Outside,158,Richard Wood,1627.9,57.295,9279.490
1298,AbandonedHouse,158,Charline,1688.3,611.172,-653.583
1299,AbandonedHouse,158,Gibbons,1701.1,760.938,-927.632
1300,AbandonedHouse,158,Gibbons,1702.2,760.938,-927.632
1301,AbandonedHouse,158,Feral Mutant,1770.4,1184.784,-1612.319
1302,AbandonedHouse,158,Feral Mutant,1771.4,1184.784,-1612.319
1303,AbandonedHouse,158,Feral Mutant,1771.8,1184.784,-1612.319
1304,AbandonedHouse,158,Feral Mutant,1772.0,1184.784,-1612.319
1305,Outside,158,Cathrine Knot,1838.4,-2008.887,3029.380
1306,Outside,158,Ann,1969.7,7570.716,15423.271
1307,Outside,158,Lara Black,2175.5,1860.620,10818.731
1308,Outside,158,Alfred R. Fuddington,2193.3,1831.259,10882.336
1309,Outside,158,Andrew Smith,2218.5,1742.523,7743.271
1310,Outside,158,Alexei,2239.3,157.475,5824.003
1311,Outside,158,Alexei,2245.3,157.475,5824.003
1312,Outside,158,Janna Jarlsson,2317.5,-2464.193,6972.114
1313,Outside,158,Tim Tinker,2339.7,-1621.820,8097.617
1314,Outside,158,Bob Barter,2366.9,-1900.735,8553.833
1315,Outside,158,Tim Tinker,2446.3,-1651.492,8165.025
1316,Outside,158,Tim Tinker,2495.1,-1651.492,8165.025
1317,Introhouse,159,Mr. Walker,155.8,924.902,392.026
1318,Introhouse,159,Mr. Walker,363.0,924.055,493.004
1319,Introhouse,159,Mr. Walker,399.4,924.055,493.004
1320,Introhouse,159,Mayor Walker,460.8,772.974,1505.245
1321,Introhouse,159,Mayor Walker,646.0,754.620,697.940
1322,Outside,159,David Johnson,696.5,-2125.371,9262.002
1323,Outside,159,Bob Barter,788.1,-1934.182,8721.728
1324,Bar,159,Margaret,1094.9,1815.203,840.813
1325,Bar,159,Margaret,1114.3,1815.115,840.816
1326,Bar,159,Thomas,1165.3,1513.262,457.676
1327,Bar,159,Thomas,1185.1,1537.908,436.492
1328,Outside,159,Janna Jarlsson,1389.5,-2597.081,7183.674
1329,Outside,159,Tim Tinker,1464.9,-1606.475,8047.185
1330,Outside,159,Andrew Smith,1621.2,1731.822,7685.135
1331,Outside,159,Eric Oxton,1676.4,-141.751,9263.066
1332,Outside,159,Richard Wood,1697.6,21.879,9316.703
1333,Outside,159,Ann,2059.6,7549.249,15413.022
1334,Introhouse,160,Paul,278.0,363.049,-133.335
1335,Introhouse,160,Paul,279.6,363.029,-133.346
1336,Introhouse,160,Paul,280.9,362.965,-133.366
1337,Introhouse,160,Paul,281.9,362.965,-133.366
1338,Introhouse,160,Paul,282.9,362.965,-133.366
1339,Introhouse,160,Mr. Walker,286.9,858.945,421.435
1340,Introhouse,160,Mayor Walker,501.3,816.059,1513.837
1341,Introhouse,160,Mayor Walker,804.1,759.536,1474.465
1342,Introhouse,160,Mr. Walker,826.6,879.451,595.385
1343,Outside,160,David Johnson,1049.4,-1986.001,9256.835
1344,Outside,160,Eric Oxton,1226.7,-82.365,9271.438
1345,Outside,160,Richard Wood,1238.0,29.865,9291.166
1346,Outside,160,Alfred R. Fuddington,1254.0,1904.280,10807.286
1347,Outside,160,Bob Barter,1313.6,-1903.060,8635.781
1348,Bar,160,Margaret,1386.2,1418.483,718.410
1349,Bar,160,Thomas,1406.8,1603.203,564.315
1350,Outside,160,Bob Barter,1752.9,-1903.750,8621.693
1351,Introhouse,160,Mr. Walker,1795.7,916.019,522.065
1352,Introhouse,160,Mayor Walker,1811.5,1011.538,485.967
1353,Outside,160,Tim Tinker,2000.9,-1583.189,8123.866
1354,Outside,160,Janna Jarlsson,2232.6,-2589.411,7063.764
1355,Outside,160,Janna Jarlsson,2256.4,-2589.411,7063.764
1356,Outside,160,Andrew Smith,2566.6,1833.683,7644.095
1357,Outside,160,David Johnson,2617.8,-1940.737,9266.722
1358,Hotel,160,Slater,2761.5,2522.536,1825.430
1359,Introhouse,161,Paul,216.7,396.875,-18.784
1360,Introhouse,161,Paul,217.7,396.875,-18.784
1361,Introhouse,161,Paul,220.1,358.746,-71.803
1362,Introhouse,161,Paul,220.9,358.746,-71.803
1363,Introhouse,161,Mr. Walker,518.4,865.176,384.735
1364,Introhouse,161,Mayor Walker,589.7,767.179,1471.453
1365,Outside,161,David Johnson,1543.0,-2007.807,9249.011
1366,Bar,161,Thomas,1736.8,1516.629,455.947
1367,Bar,161,Margaret,1975.0,1449.470,760.477
1368,Bar,161,Margaret,1983.9,1449.806,761.077
1369,Outside,161,Bob Barter,2226.4,-1910.129,8606.716
1370,Outside,161,Bob Barter,2298.4,-1910.129,8606.716
1371,Outside,161,Tim Tinker,2328.6,-1607.220,8212.188
1372,Outside,161,Tim Tinker,2360.4,-1607.220,8212.188
1373,Introhouse,162,Paul,153.0,294.584,-85.833
1374,Introhouse,162,Paul,154.0,297.601,-93.419
1375,Introhouse,162,Paul,154.8,297.653,-93.423
1376,Introhouse,162,Paul,155.2,297.653,-93.423
1377,Introhouse,162,Mr. Walker,160.5,905.125,418.596
1378,Introhouse,162,Mayor Walker,239.9,676.280,1534.948
1379,Introhouse,162,Mr. Walker,285.1,849.586,494.177
1380,Introhouse,162,Mr. Walker,286.9,848.716,544.476
1381,Introhouse,162,Mr. Walker,287.6,848.716,544.476
1382,Introhouse,162,Mr. Walker,361.0,845.400,557.426
1383,Introhouse,162,Mayor Walker,403.0,798.911,1486.803
1384,Outside,162,David Johnson,438.8,-2098.583,9217.503
1385,Outside,162,Janna Jarlsson,498.2,-2518.737,7199.699
1386,Outside,162,Bob Barter,527.8,-1862.801,8541.057
1387,Outside,162,Tim Tinker,534.7,-1617.897,8140.416
1388,Bar,162,Margaret,575.7,1458.905,718.845
1389,Bar,162,Thomas,588.3,1639.609,567.678
1390,Hotel,162,Slater,964.8,2601.042,1827.597
1391,Outside,162,David Johnson,1076.0,-1958.120,9179.331
1392,Outside,162,Bob Barter,1120.3,-1958.745,8592.562
1393,Outside,162,Tim Tinker,1146.1,-1614.460,8143.684
1394,Introhouse,162,Mayor Walker,1174.1,853.789,912.173
1395,Introhouse,162,Mr. Walker,1198.1,894.128,557.811
1396,Introhouse,162,Mayor Walker,1218.2,822.782,636.184
1397,Bar,162,Margaret,1258.8,1399.514,721.011
1398,Bar,162,Thomas,1265.4,1553.660,597.936
1399,Outside,162,Eric Oxton,1293.0,-228.777,9349.402
1400,Outside,162,Richard Wood,1310.6,46.610,9335.658
1401,Hotel,162,Slater,1385.7,2602.221,1811.582
1402,Hotel,162,Slater,1387.3,2587.823,1818.072
1403,Hotel,162,Alfred R. Fuddington,1626.6,1855.208,10900.309
1404,Hotel,162,Lara Black,1644.4,1861.722,10771.193
1405,Hotel,162,Richard Wood,1664.5,201.884,9294.873
1406,Hotel,162,David Johnson,1672.5,-1822.350,9277.690
1407,Hotel,162,David Johnson,1678.0,-1904.770,9243.610
1408,Hotel,162,Andrew Smith,1693.6,1586.808,7659.256
1409,Hotel,162,Ann,1718.8,7618.015,15416.032
1410,Mine,162,Spider,1844.2,-491.863,817.372
1411,Mine,162,Crank,1888.0,-300.105,1514.382
1412,Outside,162,Ann,1928.1,7741.390,15477.815
1413,Outside,162,Ann,1930.5,7677.931,15388.709
1414,Outside,162,Eric Oxton,1966.9,-98.725,9251.489
1415,Introhouse,162,Paul,2012.1,344.694,-126.707
1416,Introhouse,162,Paul,2012.7,340.691,-128.226
1417,SheriffOffice,162,Bob Barter,2118.9,2058.052,1232.145
1418,SheriffOffice,162,Bob Barter,2120.0,2058.052,1232.145
1419,SheriffOffice,162,Tim Tinker,2122.2,2045.868,1101.985
1420,SheriffOffice,162,Bob Barter,2128.4,2058.052,1212.224
1421,SheriffOffice,162,Bob Barter,2129.1,2055.008,1210.963
1422,SheriffOffice,162,Bob Barter,2130.7,1940.295,1191.864
1423,SheriffOffice,162,Bob Barter,2131.3,2028.908,1208.122
1424,SheriffOffice,162,Tim Tinker,2141.8,2058.300,1201.266
1425,SheriffOffice,162,Tim Tinker,2147.4,2062.016,1102.777
1426,Outside,162,Janna Jarlsson,2154.6,-2478.868,7145.153
1427,Introhouse,164,Paul,165.2,314.972,-202.837
1428,Introhouse,164,Paul,184.0,528.502,168.035
1429,Introhouse,164,Mr. Walker,332.4,831.606,450.986
1430,Introhouse,164,Mayor Walker,393.1,767.656,1421.041
1431,Outside,164,David Johnson,523.9,-2031.177,9332.226
1432,Outside,164,Tim Tinker,940.3,-1612.369,8025.449
1433,Outside,164,Eric Oxton,977.5,-146.989,9370.985
1434,Outside,164,Lara Black,1058.7,1854.701,10724.973
1435,Outside,164,Cathrine Knot,1518.1,-1973.794,3024.637
1436,Introhouse,165,Paul,118.4,438.401,-83.796
1437,Introhouse,165,Paul,155.0,197.794,-142.570
1438,Introhouse,165,Mr. Walker,337.4,866.629,493.313
1439,Introhouse,165,Mayor Walker,351.3,787.557,1449.906
1440,Outside,165,David Johnson,826.3,-1921.378,9256.828
1441,Outside,165,Eric Oxton,929.7,-101.501,9232.195
1442,Outside,165,Andrew Smith,972.6,1666.440,7647.651
1443,Hotel,165,Dough,1528.6,2014.724,1738.739
1444,Hotel,165,Dough,1530.1,1842.966,1741.384
1445,Hotel,165,Dough,1530.3,1837.809,1742.387
1446,Outside,165,Andrew Smith,1586.6,1662.745,7662.289
1447,Outside,165,Bob Barter,1751.1,-1885.927,8603.944
1448,Bar,165,Margaret,1840.7,1397.865,710.056
1449,Bar,165,Margaret,1841.9,1397.865,710.056
1450,Bar,165,Thomas,1864.1,1609.576,460.863
1451,Outside,165,Cathrine Knot,1946.7,-1939.714,3051.370
1452,Outside,165,Bob Barter,2096.7,-1869.839,8613.106
1453,Outside,165,Tim Tinker,2122.7,-1558.714,8102.338
1454,Outside,165,Andrew Smith,2155.2,1599.869,7687.365
1455,Outside,165,Lara Black,2174.0,1774.399,10782.476
1456,Outside,165,Alfred R. Fuddington,2212.2,1765.858,10881.577
1457,Outside,165,Alfred R. Fuddington,2217.8,1765.858,10881.577
1458,Introhouse,165,Mayor Walker,2370.4,883.708,81.844
1459,Outside,166,Ann,626.0,7651.043,15352.450
1460,Outside,166,Ann,904.9,7788.270,15411.589
1461,Outside,166,Alfred R. Fuddington,934.4,1902.173,10879.478
1462,Outside,166,Lara Black,955.6,1869.952,10776.704
1463,Outside,166,Eric Oxton,979.4,-69.430,9372.321
1464,Outside,166,Richard Wood,994.5,112.076,9275.896
1465,Outside,166,David Johnson,1009.4,-1966.124,9218.646
1466,Bar,166,Margaret,1143.0,1569.154,713.362
1467,Outside,166,Tim Tinker,1237.0,-1588.850,8089.805
1468,Outside,166,Bob Barter,1263.8,-1911.135,8555.295
1469,AbandonedHouse,166,Charline,1575.7,667.793,-579.301
1470,Outside,166,Richard Wood,1657.1,56.633,9349.449
1471,Outside,166,Richard Wood,1757.0,51.308,9328.790
1472,AbandonedHouse,166,Charline,1800.6,624.817,-564.014
1473,AbandonedHouse,166,Feral Mutant,1832.4,1163.993,-1643.011
1474,Outside,166,David Johnson,1875.5,-1997.410,9228.468
1475,Outside,166,Alexei,1923.7,92.002,5749.540
1476,Introhouse,166,Paul,139.0,407.845,-6.042
1477,Introhouse,166,Mr. Walker,152.7,904.210,423.258
1478,Introhouse,166,Mayor Walker,214.5,788.291,1387.394
1479,Introhouse,166,Mr. Walker,375.3,868.174,472.574
1480,Introhouse,166,Paul,419.9,399.374,-95.185
1481,Introhouse,166,Paul,421.3,382.352,-105.848
1482,Introhouse,166,Paul,421.9,382.352,-105.848
1483,Outside,166,Janna Jarlsson,492.4,-2404.538,7141.220
1484,Outside,166,Andrew Smith,539.8,1779.273,7676.551
1485,Outside,166,Ann,586.4,7572.867,15327.381
1486,Mine,166,Spider,720.2,-497.804,698.469
1487,Introhouse,167,Mr. Walker,117.4,886.409,440.183
1488,Introhouse,167,Mr. Walker,403.0,987.193,496.429
1489,Introhouse,167,Mayor Walker,608.2,839.725,1491.034
1490,Outside,167,Janna Jarlsson,774.8,-2515.876,7194.803
1491,Bar,167,Margaret,916.2,1388.813,725.364
1492,Bar,167,Thomas,951.9,1590.013,566.336
1493,Outside,167,Tim Tinker,1158.3,-1538.799,8057.616
1494,Outside,167,Bob Barter,1195.7,-1963.909,8645.528
1495,Outside,167,Bob Barter,1252.7,-1905.943,8643.555
1496,Outside,167,David Johnson,1286.7,-1941.276,9078.089
1497,Outside,167,David Johnson,1336.3,-1941.276,9078.089
1498,Bar,167,Margaret,1402.5,1387.563,736.336
1499,Bar,167,Thomas,1410.3,1560.127,598.683
1500,Outside,167,Eric Oxton,1424.9,-216.713,9305.808
1501,Outside,167,Richard Wood,1449.7,20.076,9284.135
1502,Outside,167,Lara Black,1465.8,1791.092,10704.661
1503,Outside,167,Alfred R. Fuddington,1498.4,1778.202,10887.316
1504,Introhouse,167,Mayor Walker,1719.6,914.852,335.847
1505,Outside,167,Ann,1947.4,7540.129,15377.836
1506,Introhouse,167,Paul,144.6,197.505,-189.321
1507,Introhouse,170,Mr. Walker,245.1,932.010,404.670
1508,Introhouse,170,Mr. Walker,299.1,932.010,404.670
1509,Introhouse,170,Mr. Walker,300.3,932.010,404.670
1510,Introhouse,170,Mayor Walker,307.0,777.737,1439.798
1511,Introhouse,170,Mayor Walker,389.8,775.085,1606.304
1512,Introhouse,170,Mayor Walker,402.3,850.869,1509.104
1513,Introhouse,170,Mr. Walker,551.7,1012.840,500.498
1514,Introhouse,170,Mayor Walker,606.7,828.055,1473.734
1515,Outside,170,David Johnson,749.2,-2118.195,9266.916
1516,Outside,170,Bob Barter,879.2,-1924.435,8601.408
1517,Outside,170,Bob Barter,907.0,-1961.811,8605.351
1518,Outside,170,Bob Barter,961.3,-1871.310,8512.567
1519,Outside,170,Tim Tinker,977.4,-1611.040,8153.495
1520,Introhouse,170,Mayor Walker,1006.8,1018.145,544.885
1521,Outside,170,Bob Barter,1073.3,-1911.037,8522.170
1522,Outside,170,Alfred R. Fuddington,1092.6,1896.226,10834.813
1523,Outside,170,Lara Black,1114.8,1896.226,10834.813
1524,Outside,170,Janna Jarlsson,1164.6,-2446.709,7201.255
1525,SheriffOffice,170,Tim Tinker,1207.9,2062.016,1124.828
1526,SheriffOffice,170,Tim Tinker,1209.3,2062.016,1124.828
1527,Outside,170,Alexei,1314.2,149.669,5778.249
1528,Outside,170,Cathrine Knot,1347.0,-1980.939,3036.949
1529,Bar,170,Margaret,1956.6,1446.503,690.608
1530,Bar,170,Thomas,1974.8,1572.695,616.338
1531,Outside,170,David Johnson,2108.8,-2042.997,9128.288
1532,Outside,170,Bob Barter,2131.6,-1919.749,8532.071
1533,SheriffOffice,170,Tim Tinker,2146.4,2059.596,1125.814
1534,SheriffOffice,170,Tim Tinker,2147.0,2059.596,1125.814
1535,Outside,170,Bob Barter,2190.6,-1903.062,8537.321
1536,Outside,170,Eric Oxton,2208.2,-158.528,9368.592
1537,Outside,170,Richard Wood,2229.0,105.789,9347.988
1538,Outside,170,Richard Wood,2235.0,105.789,9347.988
1539,Outside,170,Andrew Smith,2250.0,1764.617,7740.727
1540,Bar,170,Thomas,2294.0,1556.673,591.452
1541,Bar,170,Thomas,2300.6,1571.527,577.536
1542,Outside,170,Janna Jarlsson,2336.2,-2495.495,7205.239
1543,Outside,170,Ann,2417.2,7564.344,15367.369
1544,Introhouse,171,Paul,266.9,354.914,-83.080
1545,Introhouse,171,Paul,267.7,354.864,-83.325
1546,Introhouse,171,Paul,270.3,479.698,-165.270
1547,Introhouse,171,Paul,272.7,374.878,-135.774
1548,Introhouse,171,Mr. Walker,365.9,807.414,356.988
1549,Introhouse,171,Mayor Walker,434.9,787.434,1423.636
1550,Introhouse,171,Mr. Walker,731.3,886.106,462.447
1551,Outside,171,David Johnson,950.6,-2022.544,9372.697
1552,Outside,171,Andrew Smith,1069.8,1753.634,7676.181
1553,Outside,171,Lara Black,1094.9,1889.338,10666.224
1554,Outside,171,Alfred R. Fuddington,1123.9,1891.061,10794.068
1555,Outside,171,Ann,1312.3,7575.162,15378.321
1556,Outside,171,Alexei,1369.3,112.559,5829.364
1557,AbandonedHouse,171,Charline,1440.5,621.446,-625.042
1558,Outside,171,Richard Wood,1656.2,246.257,9353.841
1559,Outside,171,Eric Oxton,1704.8,-25.356,9322.308
1560,Bar,171,Margaret,1732.4,1506.476,744.011
1561,Bar,171,Thomas,1759.0,1546.986,672.110
1562,Bar,171,Thomas,1763.6,1570.943,571.500
1563,Outside,171,Richard Wood,1890.1,33.327,9359.330
1564,AbandonedHouse,171,Charline,1955.7,663.866,-583.333
1565,AbandonedHouse,171,Gibbons,1982.9,699.410,-1080.271
1566,AbandonedHouse,171,Feral Mutant,2058.5,1117.423,-1575.325
1567,AbandonedHouse,171,Feral Mutant,2060.0,1117.423,-1575.325
1568,Outside,171,Bob Barter,2259.1,-2021.201,8530.724
1569,Outside,171,David Johnson,2294.2,-2038.598,9208.984
1570,Mine,171,Spider,2445.3,-520.913,705.007
1571,Mine,171,Spider,2652.7,-497.114,816.227
1572,Mine,171,Spider,2656.3,-497.114,816.227
1573,Introhouse,173,Paul,125.2,364.982,-149.840
1574,Introhouse,173,Paul,126.6,364.982,-149.840
1575,Introhouse,173,Paul,127.3,364.982,-149.840
1576,Introhouse,173,Paul,130.3,362.945,-146.271
1577,Introhouse,173,Paul,131.3,362.728,-146.361
1578,Introhouse,173,Paul,135.1,481.490,-165.273
1579,Introhouse,173,Paul,135.9,481.490,-165.273
1580,Introhouse,173,Mr. Walker,227.7,903.251,379.931
1581,Introhouse,173,Mayor Walker,523.5,711.799,1542.145
1582,Introhouse,173,Mr. Walker,715.0,869.973,630.586
1583,Introhouse,173,Mr. Walker,881.6,984.869,503.004
1584,Outside,173,David Johnson,1032.8,-2009.190,9299.325
1585,Outside,173,Bob Barter,1184.4,-1949.072,8661.058
1586,Outside,173,Tim Tinker,1242.9,-1574.388,8073.462
1587,Outside,173,Janna Jarlsson,1314.1,-2414.378,7110.066
1588,Outside,173,Andrew Smith,1420.1,1549.069,7661.564
1589,Outside,173,Lara Black,1464.3,1806.895,10715.307
1590,Outside,173,Alfred R. Fuddington,1494.9,1862.226,10808.591
1591,Outside,173,Ann,1581.7,7562.083,15369.603
1592,Mine,173,Spider,1776.4,-489.883,697.665
1593,Mine,173,Spider,1798.0,-489.966,697.753
1594,Mine,173,Spider,1805.8,-489.966,697.753
1595,Mine,173,Spider,1807.0,-489.966,697.753
1596,Mine,173,Stu,1810.0,-582.083,1217.627
1597,Mine,173,Crank,1813.3,-452.397,1452.551
1598,Mine,173,Frog,1815.3,-211.240,1520.156
1599,Mine,173,Wild Bill,1817.2,-104.526,1361.985
1600,Mine,173,Wild Bill,1817.6,-104.526,1361.985
1601,Mine,173,Wild Bill,1844.6,-193.986,1320.449
1602,Mine,173,Spider,1847.4,-423.135,955.747
1603,Outside,173,Ann,1870.1,7733.874,15494.278
1604,Mine,173,Spider,1911.0,-495.416,774.675
1605,Mine,173,Spider,1912.0,-495.416,774.675
1606,Mine,173,Stu,1987.2,-502.181,1189.530
1607,Outside,173,Lara Black,2072.4,1826.355,10797.845
1608,Outside,173,Janna Jarlsson,2094.6,-2484.877,7085.700
1609,Outside,173,Richard Wood,2130.2,173.867,9288.298
1610,Outside,173,Eric Oxton,2137.7,-127.394,9307.961
1611,Introhouse,174,Paul,358.6,257.326,-100.513
1612,Introhouse,174,Paul,360.6,257.326,-100.513
1613,Introhouse,174,Paul,363.9,302.524,-72.765
1614,Introhouse,174,Mr. Walker,389.7,953.128,348.873
1615,Introhouse,174,Mayor Walker,685.1,898.541,1499.180
1616,Introhouse,174,Mr. Walker,1052.8,1029.439,511.626
1617,Outside,174,David Johnson,1298.2,-2118.199,9325.712
1618,Bar,174,Thomas,1455.1,1546.553,578.285
1619,Bar,174,Thomas,1455.9,1546.553,578.285
1620,Bar,174,Margaret,1481.7,1651.699,722.389
1621,Bar,174,Thomas,1715.5,1648.620,575.284
1622,Outside,174,Bob Barter,1733.4,-2005.850,8631.025
1623,Outside,174,Tim Tinker,1781.4,-1653.400,8192.002
1624,Outside,174,David Johnson,1843.9,-1980.613,9342.607
1625,Outside,174,Eric Oxton,1907.5,-140.936,9407.142
1626,Bar,174,Thomas,2096.7,2110.155,900.187
1627,Bar,174,Margaret,2106.4,2263.995,885.504
1628,Outside,174,Ann,2250.4,7562.983,15354.417
1629,Outside,174,David Johnson,2577.1,-1999.005,9145.325
1630,Outside,174,Janna Jarlsson,2616.1,-2472.358,7205.547
1631,Outside,174,Bob Barter,2757.4,-1943.332,8499.232
1632,Introhouse,175,Paul,122.4,197.506,-189.319
1633,Introhouse,175,Mr. Walker,216.9,887.156,453.999
1634,Introhouse,175,Mayor Walker,315.9,779.902,1485.397
1635,Outside,175,Richard Wood,514.1,160.063,9302.456
1636,Outside,175,Lara Black,664.2,1830.222,10804.049
1637,Outside,175,Andrew Smith,752.2,1675.534,7713.910
1638,Outside,175,Janna Jarlsson,802.3,-2563.115,7157.854
1639,Hotel,175,Bobby D,1112.5,1834.028,1866.231
1640,Outside,175,Bob Barter,1324.5,-1890.952,8583.227
1641,Outside,175,David Johnson,1394.2,-1978.897,9256.521
1642,Introhouse,175,Mayor Walker,1634.6,889.082,85.203
1643,Introhouse,175,Mr. Walker,1670.8,922.904,481.130
1644,Bar,175,Margaret,1756.0,1503.918,752.856
1645,Bar,175,Thomas,1801.3,1599.283,562.696
1646,Outside,175,Tim Tinker,2053.3,-1552.439,8097.656
1647,Outside,175,Tim Tinker,2303.8,-1550.435,8104.334
1648,Outside,175,David Johnson,2397.9,-1924.955,9135.049
1649,Introhouse,176,Mr. Walker,223.6,893.091,346.811
1650,Introhouse,176,Mayor Walker,305.1,771.745,1496.986
1651,Introhouse,176,Mr. Walker,504.7,958.841,505.193
1652,Outside,176,David Johnson,579.3,-1978.225,9297.352
1653,Outside,176,Bob Barter,751.6,-1971.793,8628.254
1654,Outside,176,David Johnson,772.8,-2044.548,9275.700
1655,Outside,176,Tim Tinker,797.8,-1635.399,8166.192
1656,Outside,176,Bob Barter,835.9,-1906.653,8522.403
1657,Bar,176,Thomas,920.5,1667.437,586.021
1658,Outside,176,Alfred R. Fuddington,953.6,1864.303,10773.094
1659,Outside,176,Ann,987.2,7591.490,15386.517
1660,Mine,176,Spider,1135.4,-499.723,721.110
1661,Mine,176,Spider,1089.4,-496.893,787.920
1662,Mine,176,Spider,1073.2,-484.081,769.634
1663,Mine,176,Spider,1082.9,-484.165,769.716
1664,Mine,176,Spider,1094.1,-495.851,711.781
1665,Mine,176,Spider,1095.7,-495.851,711.781
1666,Mine,176,Wild Bill,1098.6,-127.530,1220.771
1667,Mine,176,Frog,1101.2,-138.802,1447.470
1668,Mine,176,Crank,1103.0,-332.602,1528.092
1669,Outside,176,Ann,1186.2,7749.443,15514.831
1670,Outside,176,Alexei,1249.9,133.698,5767.482
1671,Outside,176,Alexei,1264.9,133.527,5768.168
1672,Outside,176,Cathrine Knot,1289.1,-1922.150,3103.957
1673,AbandonedHouse,176,Charline,1330.0,612.278,-617.364
1674,Outside,176,Richard Wood,1391.6,58.711,9375.119
1675,Outside,176,Richard Wood,1411.8,58.870,9380.108
1676,Outside,176,Richard Wood,1445.8,48.942,9284.122
1677,AbandonedHouse,176,Charline,1483.2,627.025,-640.771
1678,AbandonedHouse,176,Charline,1492.7,545.489,-586.755
1679,Outside,176,David Johnson,1600.1,-1995.484,9043.995
1680,Outside,176,David Johnson,1642.6,-2046.926,9147.007
1681,Outside,176,David Johnson,1661.2,-2077.897,9139.260
1682,Outside,176,Tim Tinker,1688.4,-1663.600,8213.790
1683,Introhouse,176,Mayor Walker,1723.4,787.703,508.726
1684,AbandonedHouse,176,Gibbons,1988.7,772.778,-901.945
1685,AbandonedHouse,176,Feral Mutant,2030.9,1123.116,-1646.515
1686,Outside,176,David Johnson,2070.9,-2019.772,9182.272
1687,Outside,176,Eric Oxton,2087.4,-285.719,9298.050
1688,Introhouse,177,Paul,172.8,375.793,-133.965
1689,Introhouse,177,Paul,175.3,375.793,-133.965
1690,Introhouse,177,Paul,176.1,375.793,-133.965
1691,Introhouse,177,Paul,178.7,375.793,-133.965
1692,Introhouse,177,Paul,179.4,375.793,-133.965
1693,Introhouse,177,Paul,179.8,375.793,-133.965
1694,Introhouse,177,Paul,180.2,375.793,-133.965
1695,Introhouse,177,Paul,192.1,255.784,-96.677
1696,Introhouse,177,Paul,192.9,255.784,-96.677
1697,Introhouse,177,Paul,193.5,255.784,-96.677
1698,Introhouse,177,Mr. Walker,283.0,900.999,389.865
1699,Introhouse,177,Mr. Walker,392.8,947.559,566.981
1700,Introhouse,177,Mr. Walker,393.6,947.559,566.981
1701,Introhouse,177,Mr. Walker,395.1,947.559,566.981
1702,Introhouse,177,Mr. Walker,396.3,947.559,566.981
1703,Introhouse,177,Mayor Walker,454.7,799.097,1459.600
1704,Outside,177,David Johnson,1258.9,-2016.997,9384.687
1705,Outside,177,Bob Barter,1643.1,-1963.402,8604.451
1706,Bar,177,Thomas,1720.6,1484.489,605.689
1707,Bar,177,Margaret,1782.8,1579.962,776.992
1708,Introhouse,178,Mr. Walker,146.1,883.279,402.342
1709,Introhouse,178,Mayor Walker,226.5,804.109,1483.508
1710,Introhouse,178,Mr. Walker,570.8,1065.749,473.876
1711,Introhouse,178,Paul,799.8,305.525,-205.527
1712,Introhouse,178,Paul,802.5,305.525,-205.527
1713,Introhouse,178,Paul,803.5,305.525,-205.527
1714,Outside,178,David Johnson,844.3,-1970.219,9267.804
1715,Outside,178,Bob Barter,898.3,-1922.415,8585.549
1716,Outside,178,Janna Jarlsson,937.7,-2481.320,7067.377
1717,Bar,178,Thomas,972.3,1653.739,643.791
1718,Outside,178,Ann,1050.8,7701.833,15428.504
1719,Mine,178,Spider,1109.0,-530.448,742.879
1720,AbandonedHouse,178,Charline,1367.2,657.667,-603.821
1721,Outside,178,Richard Wood,1644.3,76.195,9370.896
1722,Outside,178,Richard Wood,1772.5,87.866,9313.214
1723,AbandonedHouse,178,Charline,1825.7,583.100,-549.778
1724,AbandonedHouse,178,Gibbons,1858.6,856.764,-992.140
1725,AbandonedHouse,178,Gibbons,1860.0,856.764,-992.140
1726,AbandonedHouse,178,Cornelius,1866.8,701.521,-1255.722
1727,AbandonedHouse,178,Feral Mutant,2099.7,1186.165,-1514.322
1728,AbandonedHouse,178,Feral Mutant,2101.1,1186.165,-1514.322
1729,Outside,178,Cathrine Knot,2171.9,-1949.631,2945.825
1730,Outside,178,Tim Tinker,2402.0,-1626.949,8079.394
1731,Outside,178,David Johnson,2453.2,-2021.889,9210.722
1732,Outside,178,Eric Oxton,2511.6,-160.784,9350.414
1733,Introhouse,179,Paul,132.6,386.652,-137.163
1734,Introhouse,179,Paul,189.4,253.004,-173.760
1735,Introhouse,179,Mayor Walker,451.2,801.162,1466.906
1736,Introhouse,179,Mr. Walker,607.3,859.039,599.233
1737,Introhouse,179,Mr. Walker,876.7,969.701,507.552
1738,Outside,179,David Johnson,1050.9,-1975.024,9395.394
1739,Outside,179,David Johnson,1358.7,-1878.612,9269.420
1740,Bar,179,Thomas,1426.2,1659.998,566.059
1741,Bar,179,Margaret,1474.4,1763.939,708.947
1742,Outside,179,David Johnson,1620.0,-1986.605,9052.323
1743,Outside,179,Bob Barter,1676.4,-1963.640,8565.729
1744,Outside,179,Tim Tinker,1727.4,-1648.506,8164.509
1745,Outside,179,Tim Tinker,1765.1,-1648.506,8164.509
1746,AbandonedHouse,179,Charline,1875.1,696.105,-558.031
1747,Outside,179,Ann,2051.5,7772.073,15444.739
1748,Outside,179,David Johnson,2289.9,-1974.055,9275.896
1749,Introhouse,180,Mr. Walker,294.8,886.375,416.973
1750,Introhouse,180,Mayor Walker,410.4,789.497,1495.661
1751,Introhouse,180,Mr. Walker,688.0,893.762,463.982
1752,Outside,180,David Johnson,776.7,-2006.370,9273.317
1753,Outside,180,Bob Barter,906.9,-1901.404,8622.479
1754,Outside,180,Tim Tinker,972.1,-1646.092,8138.917
1755,Outside,180,Andrew Smith,1056.2,1770.539,7628.746
1756,Outside,180,Ann,1135.2,7626.002,15350.777
1757,Mine,180,Spider,1341.5,-487.939,742.743
1758,Outside,180,Ann,1386.2,7763.895,15486.838
1759,AbandonedHouse,180,Charline,1520.4,577.644,-590.494
1760,Outside,180,Richard Wood,1811.8,51.131,9296.384
1761,Bar,180,Margaret,1881.2,1473.305,732.014
1762,Bar,180,Thomas,1889.1,1655.003,597.295
1763,Outside,180,Richard Wood,1971.9,44.724,9270.665
1764,AbandonedHouse,180,Charline,2017.9,591.961,-635.647
1765,AbandonedHouse,180,Gibbons,2033.5,782.440,-952.864
1766,AbandonedHouse,180,Gibbons,2034.6,782.440,-952.864
1767,AbandonedHouse,180,Feral Mutant,2073.6,1170.370,-1609.469
1768,AbandonedHouse,180,Feral Mutant,2074.4,1170.370,-1609.469
1769,AbandonedHouse,180,Feral Mutant,2165.2,1301.199,-1597.118
1770,AbandonedHouse,180,Feral Mutant,2166.5,1301.199,-1597.118
1771,AbandonedHouse,180,Feral Mutant,2166.7,1301.199,-1597.118
1772,AbandonedHouse,180,Feral Mutant,2166.9,1301.199,-1597.118
1773,AbandonedHouse,180,Cornelius,2173.9,664.697,-1166.466
1774,AbandonedHouse,180,Cornelius,2178.6,712.930,-1094.051
1775,AbandonedHouse,180,Cornelius,2181.0,698.056,-1101.775
1776,AbandonedHouse,180,Charline,2184.2,562.435,-545.483
1777,Introhouse,181,Paul,168.2,237.542,-179.158
1778,Introhouse,181,Mr. Walker,371.1,886.534,423.799
1779,Introhouse,181,Mayor Walker,448.1,795.420,1501.580
1780,Outside,181,David Johnson,757.9,-2002.628,9403.954
1781,Outside,181,Bob Barter,993.7,-2013.623,8624.839
1782,Bar,181,Margaret,1310.6,1583.974,770.959
1783,Bar,181,Thomas,1390.6,1471.956,770.159
1784,Outside,181,David Johnson,1653.6,-1998.171,9248.963
1785,Outside,181,Bob Barter,1783.4,-1932.380,8597.152
1786,Outside,181,Tim Tinker,1846.1,-1571.135,8137.745
1787,Outside,181,Janna Jarlsson,1972.5,-2580.095,7195.928
1788,Outside,181,Andrew Smith,2152.3,1652.046,7659.502
1789,Outside,181,Richard Wood,2208.3,192.903,9256.556
1790,Outside,181,Eric Oxton,2221.4,-158.414,9290.299
1791,Outside,181,Ann,2331.4,7648.108,15380.997
1792,Outside,181,Ann,2360.8,7624.919,15412.760
1793,Introhouse,191,Mr. Walker,327.8,891.312,383.643
1794,Introhouse,191,Mr. Walker,855.8,1023.321,492.665
1795,Introhouse,191,Mayor Walker,1017.8,890.636,1524.941
1796,Outside,191,David Johnson,1294.8,-1996.144,9303.462
1797,Bar,191,Margaret,1380.3,1553.897,736.542
1798,Bar,191,Thomas,1398.1,1529.799,564.351
1799,Bar,191,Thomas,1412.9,1529.799,564.351
1800,Bar,191,Margaret,1976.3,1808.467,834.664
1801,Bar,191,Margaret,1996.6,1727.065,649.857
1802,Bar,191,Thomas,2041.4,1559.448,953.684
1803,Bar,191,Thomas,2064.0,1266.955,814.994
1804,Outside,191,Bob Barter,2082.3,-1996.170,8644.686
